ts_code,trade_date,open,high,low,close,pre_close,change,pct_chg,vol,amount
000001.SZ,20220729,12.88,12.9,12.65,12.68,12.88,-0.20000000000000107,-1.5528,831497.47,1059518.585
000001.SZ,20220728,12.81,12.91,12.78,12.88,12.79,0.09000000000000163,0.7037,750346.52,964903.658
000001.SZ,20220727,12.85,12.88,12.73,12.79,12.91,-0.120000000000001,-0.9295,923914.08,1182889.761
000001.SZ,20220726,12.75,12.91,12.71,12.91,12.82,0.08999999999999986,0.702,1024048.81,1314310.442
000001.SZ,20220725,12.8,12.85,12.67,12.82,12.81,0.009999999999999787,0.0781,763955.81,976071.707
000001.SZ,20220722,12.84,12.93,12.62,12.81,12.78,0.030000000000001137,0.2347,1376509.74,1755555.714
000001.SZ,20220721,13.0845,13.1042,12.7604,12.78,13.1533,-0.3733000000000004,-2.8381,1970387.89,2588696.13
000001.SZ,20220720,13.1926,13.2319,13.114,13.1533,13.1828,-0.029500000000000526,-0.2238,801458.66,1073936.3
000001.SZ,20220719,13.1042,13.1926,13.0452,13.1828,13.1533,0.029500000000000526,0.2243,755597.1,1008562.417
000001.SZ,20220718,13.0158,13.2024,12.9765,13.1533,13.0059,0.1473999999999993,1.1333,1153505.81,1536340.973
000001.SZ,20220715,13.2417,13.3203,12.9863,13.0059,13.1336,-0.12769999999999904,-0.9723,1598637.4,2139915.274
000001.SZ,20220714,13.4578,13.4676,13.0551,13.1336,13.723,-0.5894000000000013,-4.295,2632120.87,3534578.702
000001.SZ,20220713,14.1651,14.2142,13.6444,13.723,14.1651,-0.44209999999999994,-3.1211,2175996.06,3056913.118
000001.SZ,20220712,14.1553,14.4696,14.1258,14.1651,14.2044,-0.039299999999999,-0.2767,742882.42,1078431.99
000001.SZ,20220711,14.2437,14.3124,14.1061,14.2044,14.283,-0.07859999999999978,-0.5503,611691.94,883613.754
000001.SZ,20220708,14.2437,14.391,14.116,14.283,14.1651,0.11789999999999878,0.8323,639698.23,928850.349
000001.SZ,20220707,14.283,14.391,14.1258,14.1651,14.2731,-0.10799999999999876,-0.7567,730160.98,1057696.547
000001.SZ,20220706,14.5678,14.6661,14.2044,14.2731,14.6464,-0.3733000000000004,-2.5487,1043335.23,1520022.515
000001.SZ,20220705,14.725,15.0001,14.558,14.6464,14.6759,-0.029500000000000526,-0.201,1115172.1,1674719.025
000001.SZ,20220704,14.6857,14.7152,14.4892,14.6759,14.6562,0.019700000000000273,0.1344,834968.07,1241453.402
000001.SZ,20220701,14.7348,14.8036,14.5777,14.6562,14.7152,-0.058999999999999275,-0.4009,779243.32,1164030.776
000001.SZ,20220630,14.3714,14.7545,14.2928,14.7152,14.3812,0.33399999999999963,2.3225,1548745.01,2304888.692
000001.SZ,20220629,14.391,14.6366,14.2928,14.3812,14.3714,0.009800000000000253,0.0682,1266547.28,1865064.678
000001.SZ,20220628,14.2142,14.4107,14.1553,14.3714,14.2338,0.13759999999999906,0.9667,1125110.48,1638673.242
000001.SZ,20220627,13.9883,14.3026,13.9686,14.2338,13.9784,0.25539999999999985,1.8271,1497278.18,2166380.438
000001.SZ,20220624,13.949,13.9981,13.8606,13.9784,13.949,0.02940000000000076,0.2108,866040.61,1227798.687
000001.SZ,20220623,13.8409,13.9784,13.8114,13.949,13.8311,0.11790000000000056,0.8524,806028.03,1140899.092
000001.SZ,20220622,14.1061,14.1061,13.8311,13.8311,14.116,-0.2849000000000004,-2.0183,1056045.92,1498415.784
000001.SZ,20220621,14.0865,14.3714,13.9784,14.116,14.0865,0.029500000000000526,0.2094,1321793.98,1905346.057
000001.SZ,20220620,14.1847,14.1847,14.0079,14.0865,14.1945,-0.10800000000000054,-0.7609,1032166.8,1479529.787
000001.SZ,20220617,14.0668,14.2731,13.949,14.1945,14.1847,0.009800000000000253,0.0691,1053787.94,1513925.914
000001.SZ,20220616,14.4794,14.5678,14.1651,14.1847,14.4794,-0.29470000000000063,-2.0353,1332546.31,1939976.255
000001.SZ,20220615,13.8507,14.8429,13.8114,14.4794,13.8704,0.609,4.3906,3413543.71,5010292.727
000001.SZ,20220614,13.4676,13.8802,13.4676,13.8704,13.6641,0.2063000000000006,1.5098,1151429.39,1602169.898
000001.SZ,20220613,13.9293,13.9391,13.6346,13.6641,14.0668,-0.40270000000000117,-2.8628,1547752.85,2163340.109
000001.SZ,20220610,14.0079,14.0767,13.8802,14.0668,14.0963,-0.02949999999999875,-0.2093,1346012.31,1914639.698
000001.SZ,20220609,13.89,14.2044,13.8507,14.0963,13.9097,0.18659999999999854,1.3415,1632901.34,2339986.708
000001.SZ,20220608,13.9097,13.9195,13.7623,13.9097,13.9097,0.0,0.0,1145521.24,1613524.958
000001.SZ,20220607,13.7722,13.9981,13.7427,13.9097,13.9195,-0.009799999999998477,-0.0704,1315112.62,1860366.716
000001.SZ,20220606,13.6641,13.9195,13.3989,13.9195,13.7034,0.21609999999999907,1.577,1710851.75,2370807.61
000001.SZ,20220602,13.7722,13.782,13.6346,13.7034,13.8311,-0.12769999999999904,-0.9233,979268.22,1363740.798
000001.SZ,20220601,13.89,13.89,13.7525,13.8311,13.9097,-0.07860000000000156,-0.5651,845298.98,1187423.732
000001.SZ,20220531,13.8213,13.9293,13.7525,13.9097,13.8311,0.07860000000000156,0.5683,938868.55,1325012.048
000001.SZ,20220530,14.0079,14.0276,13.7918,13.8311,13.9293,-0.09820000000000029,-0.705,896901.23,1265573.048
000001.SZ,20220527,14.0374,14.0963,13.8606,13.9293,13.9391,-0.009800000000000253,-0.0703,723066.74,1029702.186
000001.SZ,20220526,14.1553,14.1749,13.8213,13.9391,14.1356,-0.19650000000000034,-1.3901,1011317.56,1435689.342
000001.SZ,20220525,14.1749,14.2338,14.0472,14.1356,14.1454,-0.009800000000000253,-0.0693,603228.26,866228.924
000001.SZ,20220524,14.6071,14.6071,14.1454,14.1454,14.5678,-0.42239999999999966,-2.8995,933557.06,1358693.535
000001.SZ,20220523,14.8036,14.8036,14.4991,14.5678,14.7545,-0.1867000000000001,-1.2654,647725.92,962683.729
000001.SZ,20220520,14.4401,14.7741,14.4107,14.7545,14.3615,0.3930000000000007,2.7365,948597.78,1415164.711
000001.SZ,20220519,14.2928,14.4401,14.2437,14.3615,14.4892,-0.1277000000000008,-0.8813,590921.72,863214.131
000001.SZ,20220518,14.5875,14.6268,14.4107,14.4892,14.45,0.03920000000000101,0.2713,778578.33,1150500.438
000001.SZ,20220517,14.2535,14.4598,14.0668,14.45,14.1553,0.29469999999999885,2.0819,931406.39,1357428.407
000001.SZ,20220516,14.4008,14.4696,14.0963,14.1553,14.3517,-0.1963999999999988,-1.3685,668227.82,965652.298
000001.SZ,20220513,14.2437,14.4008,14.2338,14.3517,14.1258,0.22589999999999932,1.5992,676311.91,985962.932
000001.SZ,20220512,14.224,14.3026,14.0767,14.1258,14.3714,-0.2455999999999996,-1.7089,685064.23,987061.607
000001.SZ,20220511,14.283,14.5777,14.1847,14.3714,14.3321,0.039299999999999,0.2742,848573.62,1240700.426
000001.SZ,20220510,14.2437,14.3419,13.8606,14.3321,14.2928,0.03930000000000078,0.275,992285.02,1425836.927
000001.SZ,20220509,14.6759,14.6759,14.2044,14.2928,14.6955,-0.4026999999999994,-2.7403,818621.35,1197104.247
000001.SZ,20220506,14.7545,14.9313,14.6464,14.6955,15.0492,-0.3537000000000017,-2.3503,832431.82,1250995.594
000001.SZ,20220505,14.9313,15.1769,14.8822,15.0492,15.0492,0.0,0.0,790196.2,1208735.141
000001.SZ,20220429,15.4126,15.4617,14.7054,15.0492,15.3733,-0.3240999999999996,-2.1082,1645013.08,2503476.827
000001.SZ,20220428,15.2947,15.6484,15.0983,15.3733,15.3733,0.0,0.0,911771.87,1426381.925
000001.SZ,20220427,14.7152,15.3733,14.6955,15.3733,14.4696,0.9037000000000006,6.2455,1490295.03,2296798.759
000001.SZ,20220426,14.6169,14.7152,14.1945,14.4696,14.5875,-0.11790000000000056,-0.8082,988209.56,1456929.632
000001.SZ,20220425,15.393,15.6287,14.5187,14.5875,15.7761,-1.1885999999999992,-7.5342,1664480.98,2527610.217
000001.SZ,20220422,15.3635,15.9038,15.1278,15.7761,15.5305,0.2455999999999996,1.5814,921274.08,1468452.957
000001.SZ,20220421,15.4912,15.6975,15.4225,15.5305,15.5698,-0.03930000000000078,-0.2524,709891.16,1124663.651
000001.SZ,20220420,15.5305,15.7663,15.4225,15.5698,15.5305,0.03930000000000078,0.2531,716555.28,1137697.846
000001.SZ,20220419,15.6189,15.6877,15.3439,15.5305,15.6189,-0.08840000000000003,-0.566,821772.49,1294226.951
000001.SZ,20220418,15.8645,15.9136,15.5305,15.6189,16.1297,-0.5107999999999997,-3.1668,1086887.56,1734236.523
000001.SZ,20220415,15.6189,16.2378,15.5796,16.1297,15.7564,0.3733000000000004,2.3692,1231761.03,2014010.094
000001.SZ,20220414,15.7171,15.9627,15.6386,15.7564,15.5207,0.23569999999999958,1.5186,929614.94,1493343.952
000001.SZ,20220413,15.6091,15.7957,15.4421,15.5207,15.6386,-0.11790000000000056,-0.7539,890628.06,1415496.125
000001.SZ,20220412,15.7663,15.9726,15.3832,15.6386,15.7663,-0.12769999999999904,-0.81,1039261.42,1654820.082
000001.SZ,20220411,16.061,16.1101,15.5207,15.7663,16.1101,-0.3437999999999999,-2.1341,1416735.36,2277469.055
000001.SZ,20220408,15.9726,16.1592,15.8448,16.1101,15.9922,0.11789999999999878,0.7372,1066779.46,1741072.072
000001.SZ,20220407,16.0904,16.3655,15.9136,15.9922,16.1003,-0.10810000000000031,-0.6714,1659064.55,2724002.904
000001.SZ,20220406,15.3635,16.2476,15.3537,16.1003,15.4716,0.6287000000000003,4.0636,2488540.05,4064051.491
000001.SZ,20220401,15.0983,15.5109,14.9313,15.4716,15.1081,0.36350000000000016,2.406,1484878.74,2319616.863
000001.SZ,20220331,14.8331,15.2947,14.7938,15.1081,14.9411,0.16699999999999982,1.1177,1163746.74,1789209.946
000001.SZ,20220330,14.5973,15.0001,14.4991,14.9411,14.4205,0.5206,3.6101,1236791.55,1859617.04
000001.SZ,20220329,14.6169,14.6857,14.3419,14.4205,14.5875,-0.16699999999999982,-1.1448,615643.15,909169.631
000001.SZ,20220328,14.5384,14.7839,14.3714,14.5875,14.7152,-0.12769999999999904,-0.8678,727136.99,1078327.302
000001.SZ,20220325,14.8822,14.9804,14.558,14.7152,14.9313,-0.21610000000000085,-1.4473,742933.35,1116354.595
000001.SZ,20220324,14.6562,15.0393,14.5482,14.9313,14.7348,0.19650000000000034,1.3336,1002359.95,1518870.08
000001.SZ,20220323,14.8429,14.9215,14.6366,14.7348,14.9116,-0.17680000000000007,-1.1857,1050102.38,1577561.341
000001.SZ,20220322,14.3321,14.9509,14.2437,14.9116,14.3321,0.5794999999999995,4.0434,1628656.58,2443174.055
000001.SZ,20220321,14.2437,14.558,14.1356,14.3321,14.4401,-0.10799999999999876,-0.7479,1208868.05,1765673.892
000001.SZ,20220318,14.1061,14.5875,13.89,14.4401,14.1945,0.2455999999999996,1.7302,1528807.13,2222158.762
000001.SZ,20220317,14.4008,14.45,13.9883,14.1945,14.057,0.1374999999999993,0.9782,1730061.42,2506504.217
000001.SZ,20220316,13.615,14.1454,13.2712,14.057,13.4382,0.6188000000000002,4.6048,1531779.06,2141637.065
000001.SZ,20220315,14.1454,14.1454,13.3596,13.4382,14.2338,-0.7956000000000003,-5.5895,1781408.87,2479769.555
000001.SZ,20220314,14.3714,14.6661,14.1945,14.2338,14.6366,-0.40279999999999916,-2.752,1118407.34,1637278.471
000001.SZ,20220311,14.1454,14.7152,13.8999,14.6366,14.3124,0.3241999999999994,2.2652,1493646.97,2187480.61
000001.SZ,20220310,13.9293,14.4892,13.8409,14.3124,13.5953,0.7171000000000003,5.2746,2249158.16,3269867.788
000001.SZ,20220309,14.1454,14.1945,12.9863,13.5953,14.057,-0.46170000000000044,-3.2845,1800760.17,2492042.993
000001.SZ,20220308,14.3615,14.5973,13.9981,14.057,14.4598,-0.40279999999999916,-2.7857,1003032.69,1463145.93
000001.SZ,20220307,14.9018,14.9018,14.4008,14.4598,15.059,-0.5991999999999997,-3.979,1113158.99,1655959.941
000001.SZ,20220304,15.3439,15.3537,15.0099,15.059,15.4323,-0.3733000000000004,-2.419,990935.66,1523793.664
000001.SZ,20220303,15.4519,15.5305,15.3537,15.4323,15.4028,0.029500000000000526,0.1915,578285.05,908171.588
000001.SZ,20220302,15.5109,15.5894,15.3832,15.4028,15.6386,-0.23580000000000112,-1.5078,760760.86,1196321.948
000001.SZ,20220301,15.5109,15.668,15.3439,15.6386,15.4716,0.16699999999999982,1.0794,935040.34,1474693.965
000001.SZ,20220228,15.6189,15.6386,15.3439,15.4716,15.6189,-0.14729999999999954,-0.9431,723990.45,1137154.094
000001.SZ,20220225,15.7073,15.7957,15.5894,15.6189,15.6287,-0.009800000000000253,-0.0627,726397.07,1157890.268
000001.SZ,20220224,15.8448,15.8645,15.5207,15.6287,15.9038,-0.2751000000000001,-1.7298,1324086.85,2112842.553
000001.SZ,20220223,16.0118,16.0217,15.7564,15.9038,15.9431,-0.039299999999999,-0.2465,886742.44,1431289.852
000001.SZ,20220222,16.0217,16.1494,15.8743,15.9431,16.2181,-0.27500000000000036,-1.6956,894956.73,1454156.224
000001.SZ,20220221,16.3655,16.3753,16.0315,16.2181,16.4735,-0.2554000000000016,-1.5504,800994.55,1316023.718
000001.SZ,20220218,16.0315,16.4735,16.0217,16.4735,16.1297,0.34380000000000166,2.1315,802499.4,1330233.365
000001.SZ,20220217,16.1003,16.2574,16.0315,16.1297,16.1199,0.009799999999998477,0.0608,794501.84,1306514.349
000001.SZ,20220216,16.061,16.2378,15.9234,16.1199,15.9922,0.1277000000000008,0.7985,782399.59,1282234.15
000001.SZ,20220215,16.2083,16.3753,15.8154,15.9922,16.2869,-0.29469999999999885,-1.8094,1208264.37,1968985.378
000001.SZ,20220214,16.7977,16.8468,16.2181,16.2869,16.7977,-0.5107999999999997,-3.0409,1150658.51,1917613.419
000001.SZ,20220211,16.7289,17.0335,16.7289,16.7977,16.6896,0.10810000000000031,0.6477,1078139.14,1852167.493
000001.SZ,20220210,16.4735,16.7289,16.3753,16.6896,16.5619,0.12769999999999726,0.771,784557.35,1326848.947
000001.SZ,20220209,16.6209,16.6995,16.4146,16.5619,16.5325,0.029400000000002535,0.1778,1051161.66,1774253.636
000001.SZ,20220208,16.0118,16.67,15.9726,16.5325,16.1003,0.43219999999999814,2.6844,1754695.28,2950309.012
000001.SZ,20220207,15.7368,16.1199,15.6091,16.1003,15.5502,0.5501000000000005,3.5376,1515476.3,2451798.485
000001.SZ,20220128,16.1003,16.1592,15.5403,15.5502,16.0118,-0.4616000000000007,-2.8829,1675563.67,2695470.33
000001.SZ,20220127,16.2083,16.2476,15.9627,16.0118,16.3557,-0.3438999999999979,-2.1026,1024643.11,1677261.296
000001.SZ,20220126,16.6504,16.7977,16.2476,16.3557,16.5521,-0.19640000000000057,-1.1866,984975.22,1646384.984
000001.SZ,20220125,16.7781,16.7781,16.5128,16.5521,16.8959,-0.34380000000000166,-2.0348,1093283.97,1851999.025
000001.SZ,20220124,17.0335,17.0728,16.6798,16.8959,17.0433,-0.14739999999999753,-0.8649,874770.87,1501390.339
000001.SZ,20220121,17.1415,17.2496,16.9058,17.0433,17.0236,0.019700000000000273,0.1157,1481682.95,2575115.124
000001.SZ,20220120,16.1788,17.1513,16.1297,17.0236,16.2083,0.815299999999997,5.0301,3031193.77,5195805.549
000001.SZ,20220119,16.2476,16.3949,16.0708,16.2083,16.228,-0.019700000000000273,-0.1214,988391.85,1630973.587
000001.SZ,20220118,15.9627,16.2476,15.8743,16.228,15.9333,0.2947000000000024,1.8496,1152974.31,1891094.61
000001.SZ,20220117,16.061,16.1887,15.835,15.9333,16.0413,-0.10800000000000054,-0.6733,1143689.43,1855633.789
000001.SZ,20220114,16.6995,16.7191,16.0118,16.0413,16.6798,-0.6385000000000005,-3.828,2103094.91,3459950.804
000001.SZ,20220113,16.6111,16.9352,16.5227,16.6798,16.6995,-0.019700000000000273,-0.118,909422.65,1550319.158
000001.SZ,20220112,17.1022,17.1415,16.6012,16.6995,17.1022,-0.4026999999999994,-2.3547,1502163.55,2561266.412
000001.SZ,20220111,16.9549,17.2299,16.837,17.1022,16.8861,0.21610000000000085,1.2798,1581999.4,2752485.391
000001.SZ,20220110,16.9843,17.112,16.7289,16.8861,16.8959,-0.00980000000000203,-0.058,909774.01,1563414.572
000001.SZ,20220107,16.7977,16.9745,16.7584,16.8959,16.8173,0.07860000000000156,0.4674,1126630.7,1937710.958
000001.SZ,20220106,16.8075,16.9647,16.6995,16.8173,16.8468,-0.029500000000002302,-0.1751,1107885.19,1896535.837
000001.SZ,20220105,16.2869,16.9156,16.2574,16.8468,16.3655,0.48130000000000095,2.9409,1961998.17,3344124.589
000001.SZ,20220104,16.1887,16.3655,15.894,16.3655,16.1887,0.17680000000000007,1.0921,1169259.33,1918887.05
000001.SZ,20211231,16.5619,16.6012,16.1101,16.1887,16.5227,-0.33399999999999963,-2.0215,1750760.89,2899617.148
000001.SZ,20211230,16.4637,16.6504,16.4244,16.5227,16.4539,0.06879999999999953,0.4181,796663.6,1342374.249
000001.SZ,20211229,16.8566,16.8566,16.4048,16.4539,16.8665,-0.41259999999999764,-2.4463,1469373.98,2480534.592
000001.SZ,20211228,16.9156,17.0236,16.7879,16.8665,16.9156,-0.04910000000000281,-0.2903,1126638.91,1934461.075
000001.SZ,20211227,17.0236,17.0433,16.8566,16.9156,17.004,-0.08840000000000003,-0.5199,731118.99,1260455.319
000001.SZ,20211224,17.0236,17.0433,16.9058,17.004,17.0138,-0.009799999999998477,-0.0576,488251.49,843109.664
000001.SZ,20211223,17.0924,17.1219,16.9058,17.0138,17.0826,-0.06879999999999953,-0.4027,1059575.94,1831122.716
000001.SZ,20211222,17.3085,17.3282,16.9942,17.0826,17.279,-0.19640000000000057,-1.1366,976927.75,1701772.583
000001.SZ,20211221,17.1808,17.3969,17.171,17.279,17.2103,0.06869999999999976,0.3992,893734.04,1572895.581
000001.SZ,20211220,17.2496,17.338,17.1415,17.2103,17.2594,-0.049099999999999255,-0.2845,746435.2,1309029.268
000001.SZ,20211217,17.3871,17.4362,17.2594,17.2594,17.4067,-0.14730000000000132,-0.8462,602369.67,1062875.482
000001.SZ,20211216,17.2397,17.4166,17.1513,17.4067,17.2397,0.1670000000000016,0.9687,819479.51,1445483.375
000001.SZ,20211215,17.2005,17.3478,17.0924,17.2397,17.2692,-0.029500000000002302,-0.1708,1294627.41,2269821.045
000001.SZ,20211214,17.839,17.8488,17.2103,17.2692,17.947,-0.6777999999999977,-3.7767,1937208.9,3434156.327
000001.SZ,20211213,18.1435,18.5462,17.8586,17.947,18.0551,-0.10810000000000031,-0.5987,1314490.27,2427803.721
000001.SZ,20211210,18.1828,18.3694,17.947,18.0551,18.3694,-0.31429999999999936,-1.711,989255.13,1824076.523
000001.SZ,20211209,18.1631,18.7231,18.0452,18.3694,18.1435,0.22589999999999932,1.2451,1455886.68,2726663.443
000001.SZ,20211208,18.1238,18.2221,17.839,18.1435,18.1337,0.009799999999998477,0.054,980281.18,1798691.052
000001.SZ,20211207,17.9765,18.3399,17.8291,18.1337,17.78,0.3536999999999999,1.9893,1616443.87,2979968.976
000001.SZ,20211206,17.5344,18.2319,17.4853,17.78,17.338,0.44200000000000017,2.5493,2145625.28,3896385.171
000001.SZ,20211203,17.3282,17.3871,17.1022,17.338,17.279,0.05900000000000105,0.3415,707599.74,1242375.057
000001.SZ,20211202,17.3085,17.4951,17.0629,17.279,17.3282,-0.04919999999999902,-0.2839,994798.35,1749164.558
000001.SZ,20211201,17.1219,17.4559,17.0629,17.3282,17.1317,0.19650000000000034,1.147,706925.19,1243666.842
000001.SZ,20211130,17.2299,17.3674,17.0433,17.1317,17.2005,-0.06880000000000308,-0.4,733616.06,1280384.552
000001.SZ,20211129,17.1022,17.2594,17.0531,17.2005,17.2692,-0.06869999999999976,-0.3978,512594.71,895105.981
000001.SZ,20211126,17.3085,17.3576,17.2103,17.2692,17.3674,-0.09819999999999851,-0.5654,694499.88,1219937.312
000001.SZ,20211125,17.4264,17.4755,17.3183,17.3674,17.5541,-0.1866999999999983,-1.0636,603532.7,1068221.304
000001.SZ,20211124,17.4559,17.6327,17.3478,17.5541,17.5639,-0.00980000000000203,-0.0558,741310.84,1316774.397
000001.SZ,20211123,17.7898,18.0256,17.3674,17.5639,17.7997,-0.23580000000000112,-1.3247,1235977.96,2213817.59
000001.SZ,20211122,17.7113,17.9274,17.5836,17.7997,17.8291,-0.029399999999998983,-0.1649,738617.8,1337768.172
000001.SZ,20211119,17.4853,17.9175,17.3871,17.8291,17.4853,0.34380000000000166,1.9662,786371.56,1414506.38
000001.SZ,20211118,17.7702,17.7997,17.4166,17.4853,17.7898,-0.3045000000000009,-1.7117,799843.77,1430058.311
000001.SZ,20211117,17.8291,17.9765,17.6621,17.7898,17.8979,-0.10810000000000031,-0.604,664640.38,1203859.18
000001.SZ,20211116,18.0354,18.2122,17.8488,17.8979,18.1042,-0.20629999999999882,-1.1395,601110.48,1099113.409
000001.SZ,20211115,18.0256,18.3007,17.8783,18.1042,17.947,0.15719999999999956,0.8759,655089.99,1203764.095
000001.SZ,20211112,17.9863,18.3007,17.7898,17.947,18.0256,-0.07860000000000156,-0.436,957546.46,1753072.716
000001.SZ,20211111,17.0433,18.1042,17.0138,18.0256,17.0924,0.9331999999999994,5.4597,2084729.0,3752413.858
000001.SZ,20211110,17.1513,17.1612,16.8566,17.0924,17.2201,-0.12769999999999726,-0.7416,1220850.88,2109735.147
000001.SZ,20211109,17.171,17.338,16.9549,17.2201,17.112,0.10810000000000031,0.6317,1240572.75,2163193.119
000001.SZ,20211108,17.3085,17.4951,17.0531,17.112,17.3282,-0.21620000000000061,-1.2477,1376814.82,2406417.771
000001.SZ,20211105,17.5344,17.6818,17.2594,17.3282,17.5541,-0.22589999999999932,-1.2869,1096039.88,1942415.605
000001.SZ,20211104,17.7604,17.78,17.4853,17.5541,17.7113,-0.15720000000000312,-0.8876,983410.98,1760671.898
000001.SZ,20211103,17.78,17.9175,17.5344,17.7113,17.8586,-0.14729999999999777,-0.8248,1114972.04,2009325.065
000001.SZ,20211102,19.0276,19.1454,17.672,17.8586,19.0472,-1.188600000000001,-6.2403,1997690.5,3691356.324
000001.SZ,20211101,18.9883,19.3812,18.6739,19.0472,19.1553,-0.10810000000000031,-0.5643,841490.2,1626762.029
000001.SZ,20211029,19.283,19.391,18.9785,19.1553,19.3714,-0.21610000000000085,-1.1156,539929.76,1052760.273
000001.SZ,20211028,19.45,19.5875,19.0276,19.3714,19.5678,-0.19639999999999702,-1.0037,619010.89,1211946.109
000001.SZ,20211027,19.6464,19.8134,19.2437,19.5678,19.6955,-0.1277000000000008,-0.6484,687600.19,1365982.833
000001.SZ,20211026,19.7054,20.0885,19.5089,19.6955,19.7643,-0.06879999999999953,-0.3481,652806.84,1313475.882
000001.SZ,20211025,19.3616,19.8429,19.1553,19.7643,19.6857,0.078599999999998,0.3993,730828.23,1458800.089
000001.SZ,20211022,19.8036,20.226,19.45,19.6857,19.6464,0.03930000000000078,0.2,1134963.63,2287284.921
000001.SZ,20211021,19.1749,19.7054,18.9097,19.6464,18.8999,0.746500000000001,3.9498,1621661.01,3198266.215
000001.SZ,20211020,19.4009,19.4303,18.8508,18.8999,19.224,-0.3241000000000014,-1.6859,662955.55,1283356.219
000001.SZ,20211019,18.8115,19.3321,18.8115,19.224,18.949,0.2749999999999986,1.4513,682415.15,1330501.301
000001.SZ,20211018,19.1062,19.2044,18.7623,18.949,19.3124,-0.3633999999999986,-1.8817,729622.5,1408737.777
000001.SZ,20211015,18.6641,19.5482,18.6641,19.3124,18.8704,0.44200000000000017,2.3423,993493.78,1948647.236
000001.SZ,20211014,19.2437,19.5678,18.5561,18.8704,19.2339,-0.3634999999999984,-1.8899,842989.87,1623970.431
000001.SZ,20211013,18.9588,19.558,18.8311,19.2339,19.0079,0.2259999999999991,1.189,807896.68,1577612.469
000001.SZ,20211012,18.9588,19.3616,18.8606,19.0079,19.057,-0.049099999999999255,-0.2576,1031232.18,2004823.967
000001.SZ,20211011,18.6641,19.391,18.6641,19.057,18.3105,0.7464999999999975,4.0769,1455338.35,2829310.843
000001.SZ,20211008,17.8488,18.5561,17.7014,18.3105,17.613,0.6975000000000016,3.9601,1159200.62,2146983.881
000001.SZ,20210930,17.7702,17.8783,17.3969,17.613,17.8291,-0.21610000000000085,-1.2121,795611.05,1424675.916
000001.SZ,20210929,17.5443,18.114,17.3969,17.8291,17.6523,0.17680000000000007,1.0016,1230121.75,2225416.488
000001.SZ,20210928,17.1612,17.8488,17.1415,17.6523,17.2594,0.3929000000000009,2.2764,1293167.47,2311265.535
000001.SZ,20210927,16.9058,17.3674,16.7584,17.2594,17.0433,0.21610000000000085,1.2679,1140667.59,1979196.739
000001.SZ,20210924,17.2889,17.3674,17.0335,17.0433,17.3674,-0.3241000000000014,-1.8661,1265696.28,2209461.934
000001.SZ,20210923,17.78,17.9961,17.338,17.3674,17.6621,-0.29469999999999885,-1.6685,1379837.59,2465683.704
000001.SZ,20210922,17.5541,17.7309,17.112,17.6621,18.2024,-0.540300000000002,-2.9683,1473365.21,2616707.242
000001.SZ,20210917,18.5659,18.6641,18.0845,18.2024,18.7427,-0.5402999999999984,-2.8827,1124879.63,2098715.196
000001.SZ,20210916,18.9588,19.1553,18.3989,18.7427,19.1749,-0.4322000000000017,-2.254,1176953.56,2234474.948
000001.SZ,20210915,18.9686,20.6189,18.8508,19.1749,19.0276,0.14730000000000132,0.7741,841618.41,1639298.361
000001.SZ,20210914,19.8233,19.9117,18.9293,19.0276,19.8527,-0.8250999999999991,-4.1561,1158173.15,2272080.156
000001.SZ,20210913,20.0001,20.1474,19.4598,19.8527,20.2064,-0.3536999999999999,-1.7504,1297228.02,2606152.378
000001.SZ,20210910,18.5561,20.4028,18.5069,20.2064,18.6641,1.5422999999999973,8.2635,2314945.28,4668361.827
000001.SZ,20210909,18.7722,18.8115,18.4676,18.6641,18.89,-0.22589999999999932,-1.1959,739505.85,1399536.02
000001.SZ,20210908,18.8999,19.2044,18.7623,18.89,18.8999,-0.009899999999998244,-0.0524,1026201.05,1979771.479
000001.SZ,20210907,18.2712,19.2142,18.0256,18.8999,18.1238,0.7760999999999996,4.2822,1622344.16,3067365.668
000001.SZ,20210906,17.613,18.2712,17.4657,18.1238,17.7211,0.4026999999999994,2.2724,1515225.56,2780281.08
000001.SZ,20210903,18.173,18.173,17.3871,17.7211,18.0747,-0.35360000000000014,-1.9563,1394818.71,2523273.155
000001.SZ,20210902,17.6818,18.448,17.4853,18.0747,17.5639,0.5107999999999997,2.9082,2422603.54,4454545.28
000001.SZ,20210901,17.171,17.6032,16.7093,17.5639,17.4853,0.07860000000000156,0.4495,2316894.09,4046284.162
000001.SZ,20210831,17.4067,17.613,17.004,17.4853,17.4067,0.078599999999998,0.4516,1174867.86,2072006.842
000001.SZ,20210830,17.8881,17.9667,17.2397,17.4067,18.0649,-0.6582000000000008,-3.6435,1252211.01,2221855.858
000001.SZ,20210827,18.2319,18.5462,17.9863,18.0649,18.1337,-0.06879999999999953,-0.3794,728820.23,1354408.976
000001.SZ,20210826,18.8606,18.9195,18.0845,18.1337,18.8213,-0.6875999999999998,-3.6533,951619.0,1783725.035
000001.SZ,20210825,19.0767,19.1258,18.615,18.8213,19.0177,-0.19640000000000057,-1.0327,698083.97,1341330.418
000001.SZ,20210824,19.0079,19.617,18.8704,19.0177,18.9588,0.058900000000001285,0.3107,868953.3,1690760.837
000001.SZ,20210823,19.1553,19.6955,18.7722,18.9588,19.0767,-0.11789999999999878,-0.618,1191849.35,2315871.646
000001.SZ,20210820,19.617,19.7152,18.3694,19.0767,19.9804,-0.9037000000000006,-4.5229,1614627.93,3119152.554
000001.SZ,20210819,20.1179,20.2555,19.6661,19.9804,20.2555,-0.2751000000000019,-1.3581,649975.61,1315320.351
000001.SZ,20210818,19.3223,20.8252,19.2044,20.2555,19.3223,0.9332000000000029,4.8297,1332732.16,2732213.549
000001.SZ,20210817,19.4991,19.8625,19.2633,19.3223,19.5973,-0.27500000000000213,-1.4033,476021.94,947385.521
000001.SZ,20210816,19.7348,19.8429,19.224,19.5973,19.5384,0.058900000000001285,0.3015,627050.22,1247681.171
000001.SZ,20210813,19.4303,19.5678,19.1553,19.5384,19.5384,0.0,0.0,562885.02,1110191.399
000001.SZ,20210812,19.4401,19.9411,19.283,19.5384,19.4598,0.078599999999998,0.4039,666458.0,1330388.046
000001.SZ,20210811,19.6366,20.2162,19.3517,19.4598,19.3812,0.07860000000000156,0.4055,1048308.44,2104975.144
000001.SZ,20210810,18.7525,19.6268,18.5659,19.3812,18.7231,0.658100000000001,3.5149,1301988.44,2535427.989
000001.SZ,20210809,17.5934,18.9097,17.5246,18.7231,17.5443,1.178799999999999,6.719,1752798.0,3313803.23
000001.SZ,20210806,17.2397,17.5836,17.1415,17.5443,17.3674,0.17689999999999984,1.0186,567454.13,1005870.948
000001.SZ,20210805,17.3871,17.7309,17.2692,17.3674,17.4951,-0.1277000000000008,-0.7299,621573.88,1104903.004
000001.SZ,20210804,17.7211,17.7506,17.2889,17.4951,17.5737,-0.078599999999998,-0.4473,729620.08,1300164.293
000001.SZ,20210803,17.672,17.8291,17.3478,17.5737,17.6916,-0.11790000000000234,-0.6664,896948.57,1609422.575
000001.SZ,20210802,17.3282,17.8193,16.8763,17.6916,17.3773,0.31429999999999936,1.8087,1159922.63,2056014.242
000001.SZ,20210730,17.6032,17.7309,16.9352,17.3773,17.6425,-0.26519999999999655,-1.5032,950155.88,1679747.318
000001.SZ,20210729,17.5934,17.9175,17.4657,17.6425,17.4362,0.20629999999999882,1.1832,872378.12,1566107.824
000001.SZ,20210728,17.5344,17.7506,17.3674,17.4362,17.446,-0.00980000000000203,-0.0562,1062994.21,1898562.591
000001.SZ,20210727,18.5364,18.6543,17.2889,17.446,18.4676,-1.0215999999999994,-5.5319,1357551.48,2461708.369
000001.SZ,20210726,19.6071,19.6366,18.1042,18.4676,19.7447,-1.2771000000000008,-6.4681,1451303.94,2770236.696
000001.SZ,20210723,20.0197,20.0197,19.6464,19.7447,20.0197,-0.2749999999999986,-1.3736,727404.33,1461467.511
000001.SZ,20210722,20.0885,20.2948,19.8822,20.0197,20.0885,-0.06879999999999953,-0.3425,868648.09,1773999.331
000001.SZ,20210721,20.2162,20.4323,19.8429,20.0885,20.2358,-0.14730000000000132,-0.7279,753076.52,1535327.561
000001.SZ,20210720,20.727,20.8252,20.1081,20.2358,20.835,-0.5991999999999997,-2.8759,804034.33,1665315.545
000001.SZ,20210719,20.9824,21.0512,20.4126,20.835,20.9627,-0.1277000000000008,-0.6092,522135.95,1098434.741
000001.SZ,20210716,21.0315,21.4343,20.9235,20.9627,21.2378,-0.27509999999999835,-1.2953,573002.61,1230180.813
000001.SZ,20210715,20.3537,21.336,20.2653,21.2378,20.393,0.8447999999999993,4.1426,956003.05,2040266.258
000001.SZ,20210714,20.6288,20.6288,20.0492,20.393,20.7466,-0.35360000000000014,-1.7044,847950.55,1755810.875
000001.SZ,20210713,20.7761,20.9627,20.1769,20.7466,20.7859,-0.03930000000000078,-0.1891,657613.95,1382029.13
000001.SZ,20210712,21.1199,21.1199,20.5207,20.7859,20.894,-0.10809999999999675,-0.5174,877901.02,1859059.51
000001.SZ,20210709,20.9235,21.2476,20.6484,20.894,21.1297,-0.23570000000000135,-1.1155,762364.74,1625461.607
000001.SZ,20210708,22.3773,22.3773,20.8252,21.1297,22.1514,-1.0216999999999992,-4.6123,1457059.47,3140657.439
000001.SZ,20210707,22.2791,22.6425,22.1022,22.1514,22.3773,-0.22590000000000288,-1.0095,468944.87,1063910.095
000001.SZ,20210706,21.6897,22.5934,21.4637,22.3773,21.67,0.7073,3.264,791957.26,1784792.785
000001.SZ,20210705,21.3066,21.7584,20.7172,21.67,21.4244,0.24560000000000315,1.1464,859341.29,1859394.323
000001.SZ,20210702,22.3183,22.338,21.3753,21.4244,22.7899,-1.3655000000000008,-5.9917,1070677.56,2360189.793
000001.SZ,20210701,22.4068,23.0846,22.1219,22.7899,22.2201,0.5698000000000008,2.5643,664833.3,1530548.798
000001.SZ,20210630,21.9647,22.5246,21.9549,22.2201,21.9451,0.2749999999999986,1.2531,403435.46,913285.187
000001.SZ,20210629,22.1808,22.3871,21.6111,21.9451,22.3773,-0.4322000000000017,-1.9314,1049749.39,2341926.371
000001.SZ,20210628,22.947,22.9765,22.0826,22.3773,22.947,-0.5696999999999974,-2.4827,626257.37,1425702.202
000001.SZ,20210625,22.672,23.1828,22.6523,22.947,22.672,0.2749999999999986,1.2129,559972.95,1310287.389
000001.SZ,20210624,22.6229,22.7113,22.2791,22.672,22.7309,-0.05889999999999773,-0.2591,390283.49,894502.108
000001.SZ,20210623,22.4461,22.9962,22.3183,22.7309,22.5639,0.16699999999999804,0.7401,447907.78,1035835.695
000001.SZ,20210622,21.9844,22.6818,21.8567,22.5639,21.7682,0.7957000000000001,3.6553,757751.41,1720058.046
000001.SZ,20210621,22.2005,22.2692,21.6209,21.7682,22.2496,-0.4814000000000007,-2.1636,718272.74,1600119.859
000001.SZ,20210618,22.7211,22.8684,21.9942,22.2496,22.6916,-0.44200000000000017,-1.9479,694099.3,1574437.729
000001.SZ,20210617,22.613,23.2712,22.613,22.6916,22.8488,-0.15719999999999956,-0.688,453282.09,1059121.804
000001.SZ,20210616,22.8095,22.9863,22.6032,22.8488,22.8095,0.03930000000000078,0.1723,378208.04,878470.834
000001.SZ,20210615,22.9372,23.0158,22.3969,22.8095,22.9569,-0.14740000000000109,-0.6421,660622.59,1524503.477
000001.SZ,20210611,23.8802,23.9195,22.7113,22.9569,23.7722,-0.8153000000000006,-3.4296,834665.04,1965393.115
000001.SZ,20210610,24.2241,24.617,23.7231,23.7722,24.2142,-0.44200000000000017,-1.8254,530215.16,1294972.566
000001.SZ,20210609,23.9981,24.4402,23.7525,24.2142,24.0964,0.11780000000000257,0.4889,453831.5,1116771.375
000001.SZ,20210608,23.7231,24.1356,23.5266,24.0964,23.8704,0.2259999999999991,0.9468,570077.92,1384120.301
000001.SZ,20210607,24.0472,24.0472,23.507,23.8704,24.1062,-0.23580000000000112,-0.9782,447914.1,1081738.832
000001.SZ,20210604,23.5659,24.5187,23.3793,24.1062,23.3498,0.7564000000000028,3.2394,756739.42,1851425.837
000001.SZ,20210603,23.3007,23.7132,23.2614,23.3498,23.4677,-0.11790000000000234,-0.5024,400900.85,958876.472
000001.SZ,20210602,23.4677,23.4971,22.9667,23.4677,23.4971,-0.029399999999998983,-0.1251,497527.02,1176608.126
000001.SZ,20210601,23.7722,23.8213,23.0846,23.4971,23.7722,-0.2751000000000019,-1.1572,625017.96,1490476.624
000001.SZ,20210531,23.8999,24.0964,23.4873,23.7722,24.0669,-0.29469999999999885,-1.2245,515350.81,1244209.045
000001.SZ,20210528,24.2437,24.2732,23.7329,24.0669,24.3518,-0.2849000000000004,-1.1699,492400.73,1200523.315
000001.SZ,20210527,24.4696,24.7152,24.0865,24.3518,24.5679,-0.21610000000000085,-0.8796,504091.36,1246712.048
000001.SZ,20210526,24.2044,24.6759,24.0669,24.5679,24.1651,0.4028000000000027,1.6669,919263.78,2286540.248
000001.SZ,20210525,23.1239,24.2928,23.0354,24.1651,23.0649,1.1001999999999974,4.77,972374.62,2363145.902
000001.SZ,20210524,23.0649,23.1828,22.78,23.0649,23.0747,-0.009799999999998477,-0.0425,343935.63,806092.207
000001.SZ,20210521,23.4578,23.6641,22.6229,23.0747,23.3989,-0.32420000000000115,-1.3855,539335.74,1263058.114
000001.SZ,20210520,22.9962,23.4185,22.8586,23.3989,23.1828,0.21610000000000085,0.9322,405788.37,957478.853
000001.SZ,20210519,23.3989,23.7034,23.1042,23.1828,23.4775,-0.29469999999999885,-1.2552,429420.33,1022553.739
000001.SZ,20210518,23.4284,23.6838,22.9863,23.4775,23.1828,0.29469999999999885,1.2712,395414.98,939786.731
000001.SZ,20210517,22.7407,23.3989,22.5443,23.1828,22.9077,0.2751000000000019,1.2009,527564.65,1241605.192
000001.SZ,20210514,22.7309,23.0158,22.2005,22.9077,22.4853,0.42239999999999966,1.8786,563785.36,1300250.943
000001.SZ,20210513,22.924,22.9922,22.2612,22.4854,22.9532,-0.46780000000000044,-2.0381,549652.5,1271946.298
000001.SZ,20210512,22.6998,23.041,22.3002,22.9532,22.9337,0.019499999999997186,0.085,533265.26,1245517.716
000001.SZ,20210511,23.0215,23.1482,22.4756,22.9337,23.2554,-0.3216999999999999,-1.3833,497223.45,1161846.399
000001.SZ,20210510,23.3918,23.4308,22.4367,23.2554,23.4406,-0.18519999999999825,-0.7901,661438.9,1566860.764
000001.SZ,20210507,23.0702,23.6842,22.7973,23.4406,22.9045,0.5361000000000011,2.3406,802214.21,1929112.374
000001.SZ,20210506,22.5146,23.0994,22.5146,22.9045,22.6998,0.204699999999999,0.9018,500295.22,1174181.608
000001.SZ,20210430,22.7583,22.8948,22.4269,22.6998,22.9922,-0.29240000000000066,-1.2717,561981.32,1308177.202
000001.SZ,20210429,22.7486,23.1092,22.5244,22.9922,22.7583,0.233900000000002,1.0278,614836.88,1439823.965
000001.SZ,20210428,22.6998,22.8558,22.2027,22.7583,22.3587,0.3995999999999995,1.7872,593837.93,1375141.409
000001.SZ,20210427,22.3684,22.6024,22.2807,22.3587,22.3587,0.0,0.0,470431.4,1083043.579
000001.SZ,20210426,23.2651,23.616,22.3197,22.3587,22.6998,-0.34110000000000085,-1.5027,872417.67,2037109.597
000001.SZ,20210423,22.7291,23.0507,22.4854,22.6998,22.3977,0.30209999999999937,1.3488,823230.15,1920413.502
000001.SZ,20210422,22.6024,22.6413,22.2027,22.3977,22.4269,-0.02919999999999945,-0.1302,829693.88,1905208.911
000001.SZ,20210421,21.7349,22.6024,21.7252,22.4269,21.1404,1.2865000000000002,6.0855,1597099.65,3644577.541
000001.SZ,20210420,20.5458,21.3938,20.3899,21.1404,20.614,0.5263999999999989,2.5536,834772.72,1798249.024
000001.SZ,20210419,19.5224,20.7018,19.4055,20.614,19.7466,0.8674,4.3927,1112282.62,2304021.478
000001.SZ,20210416,19.8441,19.9123,19.308,19.7466,19.8441,-0.09750000000000014,-0.4913,729998.26,1466509.057
000001.SZ,20210415,20.2339,20.2437,19.5712,19.8441,20.1462,-0.30209999999999937,-1.4995,735865.05,1494016.04
000001.SZ,20210414,20.2632,20.4094,19.9025,20.1462,20.2534,-0.10719999999999885,-0.5293,537438.49,1113001.541
000001.SZ,20210413,20.1949,20.3509,20.0682,20.2534,20.1755,0.07789999999999964,0.3861,499904.18,1036992.692
000001.SZ,20210412,20.9649,20.9649,20.1072,20.1755,20.7602,-0.5847000000000016,-2.8164,594743.14,1240067.319
000001.SZ,20210409,21.1599,21.1696,20.5458,20.7602,21.0137,-0.25349999999999895,-1.2064,398960.28,849870.878
000001.SZ,20210408,20.9162,21.1794,20.7895,21.0137,21.0916,-0.07789999999999964,-0.3693,383029.5,825170.84
000001.SZ,20210407,21.3255,21.3743,20.77,21.0916,21.1306,-0.03900000000000148,-0.1846,517604.59,1116774.452
000001.SZ,20210406,21.0039,21.5302,20.9649,21.1306,20.9552,0.17539999999999978,0.837,401102.82,873387.016
000001.SZ,20210402,21.1501,21.1794,20.8187,20.9552,21.2281,-0.2728999999999999,-1.2856,581083.52,1249405.387
000001.SZ,20210401,21.5205,21.5497,20.9552,21.2281,21.4523,-0.22419999999999973,-1.0451,544448.98,1183868.023
000001.SZ,20210331,21.2183,21.5107,21.0526,21.4523,21.3743,0.0779999999999994,0.3649,777028.07,1699922.183
000001.SZ,20210330,20.8382,21.3743,20.6725,21.3743,20.9454,0.4289000000000023,2.0477,738654.81,1601238.499
000001.SZ,20210329,20.7408,21.1014,20.6628,20.9454,20.6043,0.34110000000000085,1.6555,785666.68,1684397.866
000001.SZ,20210326,20.3119,20.8577,20.2339,20.6043,20.2242,0.38009999999999877,1.8794,822108.06,1733412.579
000001.SZ,20210325,20.0585,20.3022,19.8831,20.2242,20.0098,0.21440000000000126,1.0715,492665.74,1017166.048
000001.SZ,20210324,20.6725,20.7408,19.9318,20.0098,20.692,-0.6822000000000017,-3.2969,850085.07,1757688.572
000001.SZ,20210323,21.0234,21.1014,20.4289,20.692,21.0039,-0.3119000000000014,-1.485,682903.38,1448043.613
000001.SZ,20210322,20.0293,21.0039,20.0098,21.0039,19.9513,1.0526000000000018,5.2758,1451190.08,3087549.484
000001.SZ,20210319,20.9844,21.1014,19.8538,19.9513,21.1794,-1.2281000000000013,-5.7986,1525622.27,3159181.042
000001.SZ,20210318,20.7602,21.1794,20.4678,21.1794,20.6628,0.5166000000000004,2.5001,691610.19,1483801.548
000001.SZ,20210317,20.9064,21.0039,20.3704,20.6628,21.1111,-0.4482999999999997,-2.1235,821488.65,1738185.857
000001.SZ,20210316,21.0526,21.5497,20.731,21.1111,21.0526,0.058499999999998664,0.2779,939684.32,2038470.66
000001.SZ,20210315,20.8577,21.5595,20.5751,21.0526,20.9357,0.11690000000000111,0.5584,958748.7,2077984.893
000001.SZ,20210312,20.8285,21.1501,20.6628,20.9357,20.731,0.204699999999999,0.9874,697200.6,1494219.075
000001.SZ,20210311,20.0585,20.8382,20.039,20.731,19.8831,0.8479000000000028,4.2644,1048659.39,2213107.787
000001.SZ,20210310,20.3119,20.3801,19.7661,19.8831,20.3217,-0.438600000000001,-2.1583,1149416.57,2356185.003
000001.SZ,20210309,21.1306,21.3645,20.0585,20.3217,21.0526,-0.7309000000000019,-3.4718,1361895.33,2882931.927
000001.SZ,20210308,21.8714,22.115,20.9357,21.0526,21.7739,-0.7212999999999994,-3.3127,993773.97,2189190.957
000001.SZ,20210305,22.1248,22.3977,21.3061,21.7739,22.3392,-0.5653000000000006,-2.5305,880171.41,1960439.115
000001.SZ,20210304,22.193,22.8948,22.076,22.3392,22.4269,-0.08769999999999811,-0.391,1213579.37,2799747.146
000001.SZ,20210303,21.0332,22.4951,20.9162,22.4269,21.1014,1.3254999999999981,6.2816,1919635.27,4320024.431
000001.SZ,20210302,21.0721,21.5887,20.7213,21.1014,20.9064,0.19500000000000028,0.9327,1473425.05,3196536.981
000001.SZ,20210301,20.9942,21.1306,20.6433,20.9064,20.8382,0.06820000000000093,0.3273,1125386.53,2408050.906
000001.SZ,20210226,21.0526,21.4035,20.6725,20.8382,21.5302,-0.6920000000000002,-3.2141,1124977.3,2424653.753
000001.SZ,20210225,21.8324,21.9883,21.1306,21.5302,21.5985,-0.0683000000000007,-0.3162,1593403.47,3524600.794
000001.SZ,20210224,21.7057,21.7154,21.0137,21.5985,21.3743,0.22419999999999973,1.0489,1428499.85,3144209.051
000001.SZ,20210223,21.8129,22.1053,21.2671,21.3743,21.8129,-0.43859999999999744,-2.0107,1870460.13,4160776.611
000001.SZ,20210222,23.1969,23.1969,21.6959,21.8129,23.2456,-1.4327000000000005,-6.1633,1956842.48,4445818.547
000001.SZ,20210219,23.3528,23.577,22.9727,23.2456,23.6842,-0.438600000000001,-1.8519,922583.14,2197558.286
000001.SZ,20210218,23.3918,23.9279,22.885,23.6842,23.2164,0.46780000000000044,2.015,1505230.81,3619387.651
000001.SZ,20210210,23.9766,24.3275,22.7875,23.2164,23.9571,-0.7407000000000004,-3.0918,1918867.1,4569741.959
000001.SZ,20210209,24.1618,24.2105,23.5575,23.9571,24.1716,-0.21450000000000102,-0.8874,942093.55,2302978.158
000001.SZ,20210208,24.269,24.269,23.4893,24.1716,24.2983,-0.1266999999999996,-0.5214,1084264.67,2650948.251
000001.SZ,20210205,23.9766,24.6686,23.655,24.2983,23.9766,0.3216999999999999,1.3417,1015575.59,2517804.159
000001.SZ,20210204,23.5673,24.6004,23.4308,23.9766,24.3178,-0.34119999999999706,-1.4031,1255247.5,3084553.75
000001.SZ,20210203,22.885,24.5419,22.7875,24.3178,22.6901,1.6276999999999973,7.1736,1923271.59,4690176.486
000001.SZ,20210202,22.7875,23.4893,22.3294,22.6901,23.9279,-1.2378,-5.173,2416168.77,5679179.941
000001.SZ,20210201,22.4172,24.3567,22.1248,23.9279,22.5049,1.4230000000000018,6.3231,1475239.3,3529556.986
000001.SZ,20210129,22.232,22.9435,22.1345,22.5049,22.232,0.2728999999999999,1.2275,1240258.41,2864101.419
000001.SZ,20210128,22.2027,22.5926,21.8811,22.232,22.4951,-0.26310000000000144,-1.1696,857476.96,1948881.146
000001.SZ,20210127,21.7447,22.8753,21.7447,22.4951,21.8031,0.6920000000000002,3.1739,1294152.72,2976800.955
000001.SZ,20210126,21.7349,22.7291,21.7349,21.8031,21.9201,-0.11700000000000088,-0.5338,1126720.55,2558575.511
000001.SZ,20210125,21.1696,22.0273,20.887,21.9201,21.4717,0.448400000000003,2.0883,1028365.27,2269032.82
000001.SZ,20210122,21.6667,21.6667,20.9649,21.4717,21.6667,-0.19500000000000028,-0.9,924434.42,2025834.761
000001.SZ,20210121,21.9298,22.2222,21.5887,21.6667,21.9006,-0.233900000000002,-1.068,944778.6,2114252.731
000001.SZ,20210120,21.5887,22.3879,21.5595,21.9006,21.7739,0.1266999999999996,0.5819,1280793.16,2889249.85
000001.SZ,20210119,21.9396,22.2612,21.4912,21.7739,22.1248,-0.3508999999999993,-1.586,1242088.34,2790056.611
000001.SZ,20210118,20.6628,22.2027,20.6628,22.1248,20.4678,1.657,8.0956,2157301.78,4792909.447
000001.SZ,20210115,20.4678,21.3938,20.2924,20.4678,19.6589,0.8089000000000013,4.1147,2480688.98,5311218.074
000001.SZ,20210114,20.156,20.3606,19.4445,19.6589,20.1755,-0.5166000000000004,-2.5605,1130155.62,2306404.546
000001.SZ,20210113,20.4678,20.4776,19.8831,20.1755,20.4678,-0.2923000000000009,-1.4281,1049119.73,2161849.708
000001.SZ,20210112,19.8733,20.4678,19.6686,20.4678,19.8636,0.6041999999999987,3.0417,1288165.5,2657687.44
000001.SZ,20210111,19.4932,20.117,19.4932,19.8636,19.347,0.5166000000000004,2.6702,1790457.14,3652546.646
000001.SZ,20210108,19.3957,19.5907,18.8207,19.347,19.3957,-0.04870000000000019,-0.2511,1195473.22,2348316.363
000001.SZ,20210107,19.0254,19.4737,18.7427,19.3957,19.0643,0.33140000000000214,1.7383,1584185.3,3111274.625
000001.SZ,20210106,17.6218,19.0643,17.5439,19.0643,17.7096,1.3547000000000011,7.6495,1934945.12,3648521.909
000001.SZ,20210105,17.9337,18.0117,17.3489,17.7096,18.1287,-0.41910000000000025,-2.3118,1821352.1,3284606.913
000001.SZ,20210104,18.616,18.616,17.9727,18.1287,18.8499,-0.7212000000000032,-3.826,1554216.43,2891682.312
000001.SZ,20201231,18.7232,19.0838,18.538,18.8499,18.7135,0.13640000000000185,0.7289,924503.43,1781736.285
000001.SZ,20201230,18.5185,18.7135,18.2456,18.7135,18.6842,0.029299999999999216,0.1568,978497.78,1854082.812
000001.SZ,20201229,18.3918,18.8109,18.2261,18.6842,18.3723,0.3119000000000014,1.6977,963092.23,1837947.238
000001.SZ,20201228,17.5634,18.3821,17.5049,18.3723,17.5829,0.7894000000000005,4.4896,1270337.06,2352947.321
000001.SZ,20201225,17.7973,17.7973,17.3489,17.5829,17.7973,-0.21440000000000126,-1.2047,577077.33,1038128.197
000001.SZ,20201224,17.6901,18.0215,17.5926,17.7973,17.5439,0.2533999999999992,1.4444,632950.12,1155767.283
000001.SZ,20201223,17.5049,17.6121,17.3392,17.5439,17.4464,0.09750000000000014,0.5589,750082.73,1345650.736
000001.SZ,20201222,17.8947,18.1774,17.4269,17.4464,17.8168,-0.37040000000000006,-2.0789,1028737.51,1873638.734
000001.SZ,20201221,17.8363,18.1677,17.5731,17.8168,17.8947,-0.07789999999999964,-0.4353,906878.11,1662649.81
000001.SZ,20201218,18.5185,18.616,17.768,17.8947,18.4698,-0.5750999999999991,-3.1137,1058756.36,1959764.074
000001.SZ,20201217,18.4308,18.5868,18.1287,18.4698,18.5283,-0.05850000000000222,-0.3157,686140.69,1294658.299
000001.SZ,20201216,18.3236,18.616,18.1092,18.5283,18.2651,0.2632000000000012,1.441,689070.42,1302133.815
000001.SZ,20201215,18.3236,18.3723,17.6901,18.2651,18.4016,-0.13649999999999807,-0.7418,788857.94,1458268.62
000001.SZ,20201214,18.1287,18.577,18.0312,18.4016,18.0507,0.3508999999999993,1.944,835991.74,1575396.008
000001.SZ,20201211,18.2359,18.3236,17.7583,18.0507,18.1774,-0.1266999999999996,-0.697,887793.87,1642392.314
000001.SZ,20201210,18.2554,18.4016,17.9825,18.1774,18.2359,-0.05850000000000222,-0.3208,607866.55,1130916.254
000001.SZ,20201209,18.3139,18.5673,18.2066,18.2359,18.2359,0.0,0.0,677221.15,1277484.44
000001.SZ,20201208,18.4406,18.5478,18.0604,18.2359,18.4308,-0.19490000000000052,-1.0575,719647.51,1345951.734
000001.SZ,20201207,18.8207,18.8986,18.2066,18.4308,18.8109,-0.38009999999999877,-2.0206,873806.61,1655173.465
000001.SZ,20201204,18.9766,18.9766,18.4893,18.8109,19.0448,-0.23389999999999844,-1.2282,891347.84,1707639.065
000001.SZ,20201203,19.2788,19.3567,18.6842,19.0448,19.1326,-0.08780000000000143,-0.4589,714452.3,1393085.02
000001.SZ,20201202,19.425,19.5517,19.0254,19.1326,19.5419,-0.4092999999999982,-2.0945,889385.29,1758639.187
000001.SZ,20201201,19.2008,19.9903,18.9084,19.5419,19.2398,0.30209999999999937,1.5702,1263719.75,2516010.782
000001.SZ,20201130,19.3957,20.3509,19.0936,19.2398,19.2008,0.038999999999997925,0.2031,1581441.28,3213680.47
000001.SZ,20201127,19.4932,19.4932,18.8889,19.2008,19.0059,0.19490000000000052,1.0255,753773.74,1479430.635
000001.SZ,20201126,18.5673,19.1131,18.5478,19.0059,18.577,0.4288999999999987,2.3088,639657.89,1240074.378
000001.SZ,20201125,18.9864,19.2008,18.5673,18.577,18.8694,-0.2923999999999971,-1.5496,552585.01,1068352.014
000001.SZ,20201124,19.1228,19.1813,18.6842,18.8694,19.1228,-0.25340000000000273,-1.3251,678543.23,1313496.136
000001.SZ,20201123,18.3723,19.1228,18.3236,19.1228,18.3821,0.7407000000000004,4.0295,1165858.26,2252290.578
000001.SZ,20201120,18.3528,18.5088,18.0507,18.3821,18.3723,0.00980000000000203,0.0533,673919.22,1265262.915
000001.SZ,20201119,18.1189,18.499,17.8363,18.3723,17.9922,0.38009999999999877,2.1126,1211740.62,2270476.474
000001.SZ,20201118,17.3294,18.0312,17.3002,17.9922,17.3782,0.6140000000000008,3.5332,1373400.72,2508632.642
000001.SZ,20201117,16.9396,17.4756,16.8129,17.3782,16.9298,0.44839999999999947,2.6486,852930.51,1509511.577
000001.SZ,20201116,16.6472,16.9883,16.4717,16.9298,16.7447,0.1850999999999985,1.1054,759856.93,1308190.459
000001.SZ,20201113,16.9786,17.0273,16.2671,16.7447,17.2125,-0.4677999999999969,-2.7178,1289189.23,2191492.021
000001.SZ,20201112,17.3587,17.4854,17.0078,17.2125,17.3587,-0.14620000000000033,-0.8422,677258.48,1197284.181
000001.SZ,20201111,17.7388,17.8363,17.154,17.3587,17.6511,-0.29240000000000066,-1.6566,940130.07,1677811.478
000001.SZ,20201110,17.5439,18.0312,17.4756,17.6511,17.3879,0.2632000000000012,1.5137,1021062.81,1854142.808
000001.SZ,20201109,17.2222,17.5439,17.0955,17.3879,17.193,0.19489999999999696,1.1336,951424.32,1688807.401
000001.SZ,20201106,17.2612,17.3002,16.7836,17.193,17.2515,-0.058499999999998664,-0.3391,848781.53,1486492.208
000001.SZ,20201105,17.9045,18.0312,17.0955,17.2515,17.8558,-0.6042999999999985,-3.3843,1429469.44,2558562.453
000001.SZ,20201104,17.885,18.0117,17.5049,17.8558,17.5049,0.3508999999999993,2.0046,1247636.4,2275824.963
000001.SZ,20201103,17.2612,17.8753,17.2515,17.5049,17.1832,0.3216999999999999,1.8722,957868.63,1727488.481
000001.SZ,20201102,17.2027,17.5926,16.8908,17.1832,17.3002,-0.11700000000000088,-0.6763,968452.77,1702741.437
000001.SZ,20201030,17.2905,17.8947,17.154,17.3002,17.3197,-0.01950000000000074,-0.1126,1007803.83,1813064.343
000001.SZ,20201029,17.0955,17.4756,16.9103,17.3197,17.1832,0.13650000000000162,0.7944,846603.62,1498040.947
000001.SZ,20201028,17.31,17.4464,16.8519,17.1832,17.31,-0.12679999999999936,-0.7325,1205823.86,2125604.541
000001.SZ,20201027,17.5439,17.5439,17.0565,17.31,17.2515,0.058499999999998664,0.3391,1034865.04,1839243.224
000001.SZ,20201026,17.7388,17.8265,17.0078,17.2515,17.6706,-0.41910000000000025,-2.3717,1175598.65,2085800.598
000001.SZ,20201023,17.0858,18.3041,17.0858,17.6706,17.115,0.5556000000000019,3.2463,1698501.68,3105623.948
000001.SZ,20201022,17.4854,18.0312,16.8616,17.115,17.4562,-0.3412000000000006,-1.9546,1890519.05,3342069.01
000001.SZ,20201021,17.193,17.5439,16.8908,17.4562,17.0955,0.3606999999999978,2.1099,1244560.18,2204040.364
000001.SZ,20201020,17.037,17.154,16.8129,17.0955,17.037,0.05850000000000222,0.3434,960071.95,1673173.355
000001.SZ,20201019,16.8616,17.6413,16.8616,17.037,16.6667,0.3703000000000003,2.2218,2016105.52,3571336.006
000001.SZ,20201016,16.1404,16.9298,16.1209,16.6667,16.1404,0.5262999999999991,3.2608,2095614.19,3589229.558
000001.SZ,20201015,15.7895,16.4912,15.7408,16.1404,15.6238,0.5166000000000004,3.3065,1600062.32,2654379.585
000001.SZ,20201014,15.6335,15.7115,15.3996,15.6238,15.653,-0.029200000000001225,-0.1865,662562.36,1057937.816
000001.SZ,20201013,15.4971,15.7018,15.3704,15.653,15.4971,0.15590000000000082,1.006,908819.48,1453986.337
000001.SZ,20201012,14.8343,15.6433,14.8246,15.4971,14.7953,0.7018000000000004,4.7434,1591347.15,2509002.885
000001.SZ,20201009,14.9123,15.156,14.7466,14.7953,14.7856,0.00969999999999871,0.0656,900425.93,1376995.906
000001.SZ,20200930,14.425,14.8831,14.425,14.7856,14.425,0.3605999999999998,2.4998,1217064.82,1838547.595
000001.SZ,20200929,15.0,15.0195,14.386,14.425,14.922,-0.4969999999999999,-3.3307,1182374.4,1766848.544
000001.SZ,20200928,14.8051,14.9805,14.6004,14.922,14.8051,0.11690000000000111,0.7896,612711.11,932800.766
000001.SZ,20200925,14.8148,14.922,14.7271,14.8051,14.7369,0.06819999999999915,0.4628,614087.0,933035.044
000001.SZ,20200924,15.1949,15.2144,14.7369,14.7369,15.2339,-0.4969999999999999,-3.2625,1061011.24,1623376.2
000001.SZ,20200923,15.1949,15.4289,15.117,15.2339,15.1754,0.05850000000000044,0.3855,599200.47,939763.265
000001.SZ,20200922,15.2729,15.4386,15.0,15.1754,15.4581,-0.2827000000000002,-1.8288,867756.31,1354536.272
000001.SZ,20200921,15.5946,15.6433,15.3119,15.4581,15.6628,-0.20470000000000077,-1.3069,896161.65,1418370.973
000001.SZ,20200918,15.2242,15.6823,15.1267,15.6628,15.1754,0.48740000000000094,3.2118,1373193.3,2186759.087
000001.SZ,20200917,15.1462,15.3216,15.0098,15.1754,15.0487,0.1266999999999996,0.8419,988215.63,1543414.501
000001.SZ,20200916,14.9318,15.1462,14.8246,15.0487,14.961,0.08769999999999989,0.5862,722414.75,1114667.832
000001.SZ,20200915,14.8148,15.0877,14.7661,14.961,14.9123,0.04870000000000019,0.3266,657132.67,1007999.044
000001.SZ,20200914,14.6296,14.9123,14.5419,14.9123,14.6296,0.2827000000000002,1.9324,680251.05,1027508.108
000001.SZ,20200911,14.7953,14.9123,14.4445,14.6296,14.9513,-0.3216999999999999,-2.1517,954236.25,1431844.02
000001.SZ,20200910,14.9318,15.0877,14.8148,14.9513,14.8246,0.1266999999999996,0.8547,957092.39,1469402.768
000001.SZ,20200909,14.8733,15.1657,14.7466,14.8246,15.039,-0.21439999999999948,-1.4256,1013572.47,1554005.575
000001.SZ,20200908,14.6199,15.039,14.6199,15.039,14.5614,0.4775999999999989,3.2799,1407601.66,2154220.778
000001.SZ,20200907,14.5029,14.8538,14.4542,14.5614,14.5809,-0.019499999999998963,-0.1337,1031376.81,1551971.38
000001.SZ,20200904,14.3567,14.6784,14.23,14.5809,14.5224,0.05850000000000044,0.4028,909889.99,1353550.808
000001.SZ,20200903,14.9318,14.9415,14.4639,14.5224,14.9318,-0.40940000000000154,-2.7418,1279841.59,1919266.726
000001.SZ,20200902,14.6296,15.1365,14.6296,14.9318,14.7563,0.17550000000000132,1.1893,1679382.97,2575966.637
000001.SZ,20200901,14.5809,14.8441,14.5029,14.7563,14.6979,0.0583999999999989,0.3973,813642.58,1228342.741
000001.SZ,20200831,14.9123,15.2827,14.6101,14.6979,14.7466,-0.04870000000000019,-0.3302,1797129.54,2760350.322
000001.SZ,20200828,13.8986,14.7953,13.8986,14.7466,14.0936,0.6530000000000005,4.6333,2410400.02,3599035.694
000001.SZ,20200827,14.0351,14.0936,13.7524,14.0936,14.0059,0.08769999999999989,0.6262,626666.77,895618.648
000001.SZ,20200826,14.23,14.2398,13.9181,14.0059,14.23,-0.22409999999999997,-1.5748,734117.72,1057274.169
000001.SZ,20200825,14.191,14.3177,14.0936,14.23,14.0936,0.13640000000000008,0.9678,748320.22,1090756.854
000001.SZ,20200824,14.1326,14.3372,14.0448,14.0936,14.0838,0.009800000000000253,0.0696,919448.86,1338031.969
000001.SZ,20200821,14.3372,14.3372,13.9571,14.0838,14.2203,-0.13649999999999984,-0.9599,1234517.33,1787278.581
000001.SZ,20200820,14.6296,14.7563,14.1618,14.2203,14.7174,-0.49709999999999965,-3.3776,1333801.62,1962605.013
000001.SZ,20200819,14.7271,14.961,14.5809,14.7174,14.7661,-0.04870000000000019,-0.3298,1420928.11,2154215.097
000001.SZ,20200818,14.8148,14.9123,14.5322,14.7661,14.8051,-0.0389999999999997,-0.2634,1350261.07,2033477.707
000001.SZ,20200817,14.23,14.961,14.1813,14.8051,14.1033,0.7017999999999986,4.9761,3268027.8,4923669.137
000001.SZ,20200814,13.7427,14.1423,13.7037,14.1033,13.8207,0.2826000000000004,2.0448,1103215.82,1578543.607
000001.SZ,20200813,14.0351,14.0936,13.7817,13.8207,14.0156,-0.19489999999999874,-1.3906,837261.75,1190139.725
000001.SZ,20200812,13.8499,14.1326,13.7914,14.0156,13.7719,0.2436999999999987,1.7695,1596811.7,2287731.088
000001.SZ,20200811,13.616,14.2885,13.616,13.7719,13.5965,0.17539999999999978,1.29,2603307.89,3748036.828
000001.SZ,20200810,13.3236,13.6647,13.2749,13.5965,13.3528,0.24370000000000047,1.8251,1587710.35,2208568.316
000001.SZ,20200807,13.4503,13.5478,13.2749,13.3528,13.5478,-0.19500000000000028,-1.4393,988678.37,1356305.781
000001.SZ,20200806,13.4698,13.6062,13.3041,13.5478,13.4113,0.13649999999999984,1.0178,1352510.68,1868047.342
000001.SZ,20200805,13.4698,13.499,13.2749,13.4113,13.6842,-0.2728999999999999,-1.9943,1440203.13,1980352.978
000001.SZ,20200804,13.3138,13.7914,13.1384,13.6842,13.2456,0.438600000000001,3.3113,2445663.25,3388510.059
000001.SZ,20200803,13.1287,13.2749,13.0897,13.2456,13.002,0.24359999999999893,1.8736,1445096.16,1954607.257
000001.SZ,20200731,12.9435,13.1871,12.9142,13.002,13.0312,-0.02919999999999945,-0.2241,1165821.91,1559068.291
000001.SZ,20200730,13.1579,13.1676,13.0312,13.0312,13.1969,-0.1656999999999993,-1.2556,964067.63,1294444.933
000001.SZ,20200729,13.0117,13.2846,12.8753,13.1969,13.002,0.19489999999999874,1.499,1519580.25,2043847.472
000001.SZ,20200728,13.002,13.0897,12.846,13.002,12.9045,0.09750000000000014,0.7556,1217005.99,1618089.558
000001.SZ,20200727,13.3236,13.3333,12.768,12.9045,13.1579,-0.2533999999999992,-1.9258,1880653.35,2497551.472
000001.SZ,20200724,13.616,13.6355,13.0799,13.1579,13.655,-0.49709999999999965,-3.6404,1830881.83,2504647.111
000001.SZ,20200723,13.8792,13.9279,13.46,13.655,14.0448,-0.38980000000000103,-2.7754,2027525.87,2838535.21
000001.SZ,20200722,14.1228,14.2788,13.9084,14.0448,14.1228,-0.0779999999999994,-0.5523,1312951.59,1895447.229
000001.SZ,20200721,14.308,14.308,14.0351,14.1228,14.3567,-0.23390000000000022,-1.6292,1252865.69,1815570.3
000001.SZ,20200720,13.8694,14.3957,13.7427,14.3567,13.7817,0.5749999999999993,4.1722,1979632.0,2872758.056
000001.SZ,20200717,13.8109,13.9181,13.5965,13.7817,13.7914,-0.00969999999999871,-0.0703,1291346.77,1821043.927
000001.SZ,20200716,13.9376,14.1813,13.7622,13.7914,13.9084,-0.11700000000000088,-0.8412,1930891.29,2771496.391
000001.SZ,20200715,14.4055,14.4834,13.8694,13.9084,14.308,-0.3995999999999995,-2.7928,2042562.83,2947173.149
000001.SZ,20200714,14.5224,14.8051,14.1813,14.308,14.5127,-0.20470000000000077,-1.4105,1953566.27,2891773.817
000001.SZ,20200713,14.3275,14.6979,14.1326,14.5127,14.4834,0.029300000000000992,0.2023,1937160.12,2871414.844
000001.SZ,20200710,14.961,15.0877,14.386,14.4834,15.1365,-0.6531000000000002,-4.3147,2158773.26,3254272.377
000001.SZ,20200709,15.2632,15.2632,14.922,15.1365,15.3606,-0.22409999999999997,-1.4589,2243994.4,3469517.329
000001.SZ,20200708,14.8441,15.5946,14.8441,15.3606,15.0877,0.2728999999999999,1.8088,2631339.16,4095447.757
000001.SZ,20200707,15.8869,16.2086,14.6491,15.0877,15.2827,-0.19500000000000028,-1.276,3964427.47,6267919.683
000001.SZ,20200706,14.23,15.2827,14.2203,15.2827,13.8889,1.3938000000000006,10.0354,4711460.78,7168653.356
000001.SZ,20200703,13.2261,13.9571,13.2164,13.8889,13.0897,0.799199999999999,6.1056,3768333.63,5280918.011
000001.SZ,20200702,12.7485,13.1482,12.6413,13.0897,12.7875,0.3022000000000009,2.3632,2590501.19,3433511.084
000001.SZ,20200701,12.4659,12.8168,12.4172,12.7875,12.4756,0.3118999999999996,2.5001,1697390.01,2202800.843
000001.SZ,20200630,12.5049,12.5536,12.3977,12.4756,12.4756,0.0,0.0,937940.22,1199181.601
000001.SZ,20200629,12.5926,12.6413,12.3879,12.4756,12.4756,0.0,0.0,1038480.06,1330678.288
000001.SZ,20200624,12.3197,12.5536,12.2807,12.4756,12.2807,0.19490000000000052,1.587,1523220.48,1946329.095
000001.SZ,20200623,12.3294,12.3684,12.2027,12.2807,12.3197,-0.0389999999999997,-0.3166,990806.73,1248046.646
000001.SZ,20200622,12.4172,12.4367,12.3002,12.3197,12.4756,-0.15590000000000082,-1.2496,1319079.79,1671023.278
000001.SZ,20200619,12.4074,12.5146,12.2905,12.4756,12.4367,0.038899999999999935,0.3128,1539521.78,1954584.919
000001.SZ,20200618,12.4367,12.4756,12.271,12.4367,12.5244,-0.08769999999999989,-0.7002,1119647.8,1419972.017
000001.SZ,20200617,12.5634,12.5926,12.4367,12.5244,12.5634,-0.0389999999999997,-0.3104,716468.24,918251.153
000001.SZ,20200616,12.5731,12.6608,12.5341,12.5634,12.4951,0.06829999999999892,0.5466,718059.1,927043.687
000001.SZ,20200615,12.5244,12.6413,12.4756,12.4951,12.6608,-0.1656999999999993,-1.3088,660313.07,850767.506
000001.SZ,20200612,12.5731,12.6901,12.5439,12.6608,12.7485,-0.08769999999999989,-0.6879,1030550.57,1331618.728
000001.SZ,20200611,13.0409,13.0507,12.6706,12.7485,13.1482,-0.3996999999999993,-3.04,1349039.82,1774199.978
000001.SZ,20200610,13.3626,13.3626,13.0604,13.1482,13.3236,-0.17540000000000155,-1.3165,580476.2,781995.749
000001.SZ,20200609,13.2944,13.3821,13.1871,13.3236,13.2749,0.04870000000000019,0.3669,474300.07,646895.834
000001.SZ,20200608,13.3333,13.499,13.2359,13.2749,13.2456,0.029300000000000992,0.2212,585971.9,802115.792
000001.SZ,20200605,13.2554,13.2749,13.0897,13.2456,13.2261,0.019499999999998963,0.1474,383026.9,517232.135
000001.SZ,20200604,13.1871,13.2944,13.0702,13.2261,13.1969,0.029200000000001225,0.2213,583066.33,788707.63
000001.SZ,20200603,13.2944,13.5283,13.1579,13.1969,13.2066,-0.009700000000000486,-0.0734,956803.08,1308782.294
000001.SZ,20200602,12.9532,13.2846,12.9435,13.2066,12.9825,0.22409999999999997,1.7262,883458.88,1194375.822
000001.SZ,20200601,12.768,13.0507,12.7485,12.9825,12.6706,0.3118999999999996,2.4616,882960.55,1173619.006
000001.SZ,20200529,12.6803,12.7096,12.5926,12.6706,12.7388,-0.06819999999999915,-0.5354,457808.22,594502.123
000001.SZ,20200528,12.5439,12.846,12.4854,12.7388,12.4561,0.2827000000000002,2.2696,960760.31,1255226.999
000001.SZ,20200527,12.504,12.6381,12.4177,12.4561,12.4944,-0.03830000000000133,-0.3065,482962.94,630305.864
000001.SZ,20200526,12.4752,12.5231,12.3986,12.4944,12.4177,0.07670000000000066,0.6177,396212.4,515451.849
000001.SZ,20200525,12.4273,12.4369,12.2261,12.4177,12.3794,0.03829999999999956,0.3094,410170.78,528769.352
000001.SZ,20200522,12.7723,12.7818,12.3794,12.3794,12.8393,-0.4598999999999993,-3.582,856237.33,1119433.491
000001.SZ,20200521,12.9543,13.0022,12.801,12.8393,12.9447,-0.1053999999999995,-0.8142,552312.0,742797.057
000001.SZ,20200520,12.8202,13.0501,12.7148,12.9447,12.801,0.14369999999999905,1.1226,690851.07,929928.885
000001.SZ,20200519,12.8489,12.8872,12.7148,12.801,12.6477,0.15329999999999977,1.2121,600368.64,801755.671
000001.SZ,20200518,12.6477,12.7818,12.571,12.6477,12.6764,-0.028699999999998838,-0.2264,637208.57,843479.669
000001.SZ,20200515,12.8297,12.8681,12.5902,12.6764,12.7435,-0.06709999999999994,-0.5265,756794.47,1004313.267
000001.SZ,20200514,12.9831,13.0214,12.6669,12.7435,13.0597,-0.31620000000000026,-2.4212,944672.09,1259440.848
000001.SZ,20200513,13.1747,13.2034,12.9639,13.0597,13.213,-0.15329999999999977,-1.1602,640358.79,871062.043
000001.SZ,20200512,13.3663,13.4621,13.1459,13.213,13.4142,-0.20120000000000005,-1.4999,558511.14,772109.502
000001.SZ,20200511,13.3376,13.5388,13.3184,13.4142,13.3663,0.0478999999999985,0.3584,612862.29,859156.594
000001.SZ,20200508,13.1843,13.4334,13.1076,13.3663,13.1172,0.24910000000000032,1.899,934781.7,1297924.588
000001.SZ,20200507,13.1843,13.1843,13.031,13.1172,13.1938,-0.07659999999999911,-0.5806,662749.23,904349.531
000001.SZ,20200506,13.1843,13.3088,13.0405,13.1938,13.3472,-0.1534000000000013,-1.1493,1008998.02,1382727.481
000001.SZ,20200430,13.4334,13.7208,13.2992,13.3472,13.4334,-0.08619999999999983,-0.6417,819540.43,1155968.238
000001.SZ,20200429,12.916,13.51,12.8872,13.4334,12.9543,0.47910000000000075,3.6984,1108722.39,1541638.203
000001.SZ,20200428,12.8872,12.9926,12.7148,12.9543,12.9351,0.019199999999999662,0.1484,771564.17,1038718.08
000001.SZ,20200427,12.7435,13.0693,12.6956,12.9351,12.686,0.24910000000000032,1.9636,936829.9,1263809.737
000001.SZ,20200424,12.619,12.7244,12.5615,12.686,12.6764,0.009600000000000719,0.0757,566001.61,747473.77
000001.SZ,20200423,12.6764,12.7531,12.5615,12.6764,12.6764,0.0,0.0,646989.63,855052.11
000001.SZ,20200422,12.8106,12.8585,12.6094,12.6764,12.8872,-0.21080000000000076,-1.6357,1032802.74,1368222.854
000001.SZ,20200421,12.7435,13.1268,12.7435,12.8872,12.4465,0.44069999999999965,3.5408,2122448.34,2861879.086
000001.SZ,20200420,12.3219,12.504,12.2357,12.4465,12.3507,0.09580000000000055,0.7757,818455.83,1058524.019
000001.SZ,20200417,12.2357,12.4944,12.1207,12.3507,12.1495,0.20120000000000005,1.656,1331164.77,1713215.766
000001.SZ,20200416,12.2549,12.2549,12.0153,12.1495,12.3315,-0.18200000000000038,-1.4759,789154.98,997623.816
000001.SZ,20200415,12.3219,12.389,12.2453,12.3315,12.3219,0.009600000000000719,0.0779,656396.4,843649.273
000001.SZ,20200414,12.1207,12.3219,12.0441,12.3219,12.0632,0.25869999999999926,2.1445,686086.87,874856.562
000001.SZ,20200413,12.1399,12.1782,11.9482,12.0632,12.2549,-0.1916999999999991,-1.5643,446214.4,562008.05
000001.SZ,20200410,12.2261,12.4369,12.1207,12.2549,12.2069,0.04800000000000004,0.3932,666674.95,853689.95
000001.SZ,20200409,12.3411,12.3507,12.1878,12.2069,12.2453,-0.0384000000000011,-0.3136,408553.77,522027.888
000001.SZ,20200408,12.3411,12.3794,12.1878,12.2453,12.3411,-0.09580000000000055,-0.7763,528716.14,676604.872
000001.SZ,20200407,12.3507,12.3986,12.274,12.3411,12.0824,0.25870000000000104,2.1411,870313.71,1121200.115
000001.SZ,20200403,12.2836,12.3507,12.0249,12.0824,12.4273,-0.3449000000000009,-2.7753,825348.14,1047282.4
000001.SZ,20200402,12.2165,12.4273,12.1303,12.4273,12.3507,0.07660000000000089,0.6202,518365.04,663197.628
000001.SZ,20200401,12.3219,12.5806,12.2836,12.3507,12.2644,0.0862999999999996,0.7037,520836.04,676070.117
000001.SZ,20200331,12.504,12.5423,12.2453,12.2644,12.3986,-0.13419999999999987,-1.0824,513370.3,662915.471
000001.SZ,20200330,12.3123,12.4944,12.2261,12.3986,12.5998,-0.20120000000000005,-1.5969,661738.79,852956.24
000001.SZ,20200327,12.6956,12.8202,12.5327,12.5998,12.5136,0.08619999999999983,0.6889,653018.88,861618.663
000001.SZ,20200326,12.2453,12.7818,12.1878,12.5136,12.3315,0.18210000000000015,1.4767,1075192.43,1408651.057
000001.SZ,20200325,12.3411,12.5231,12.1686,12.3315,12.0824,0.24910000000000032,2.0617,1136957.74,1467534.956
000001.SZ,20200324,11.8812,12.1495,11.7566,12.0824,11.6416,0.4407999999999994,3.7864,1180200.26,1472909.399
000001.SZ,20200323,11.4979,11.8333,11.4308,11.6416,11.9962,-0.3545999999999996,-2.9559,1071113.64,1300469.494
000001.SZ,20200320,11.8812,12.1495,11.747,11.9962,11.7183,0.2779000000000007,2.3715,1578352.96,1967487.818
000001.SZ,20200319,12.1495,12.2069,11.4117,11.7183,12.1782,-0.4599000000000011,-3.7764,1891457.13,2313863.663
000001.SZ,20200318,12.8489,12.9831,12.1207,12.1782,12.8489,-0.6707000000000001,-5.2199,1384784.37,1816836.893
000001.SZ,20200317,13.1747,13.3855,12.5806,12.8489,13.1747,-0.3257999999999992,-2.4729,1177849.06,1582506.075
000001.SZ,20200316,13.8454,13.855,13.1747,13.1747,13.9125,-0.7378,-5.3031,1406202.18,1975824.191
000001.SZ,20200313,13.3184,13.97,13.3184,13.9125,14.0658,-0.15329999999999977,-1.0899,1169765.8,1669009.835
000001.SZ,20200312,14.037,14.2191,13.9221,14.0658,14.0754,-0.009600000000000719,-0.0682,986497.11,1447436.641
000001.SZ,20200311,14.152,14.2574,14.0083,14.0754,14.1424,-0.06700000000000017,-0.4738,814381.64,1201250.682
000001.SZ,20200310,13.7783,14.2287,13.7783,14.1424,13.8454,0.2970000000000006,2.1451,1167864.97,1709084.565
000001.SZ,20200309,14.0945,14.1137,13.8167,13.8454,14.4011,-0.5556999999999999,-3.8587,1665793.54,2420392.13
000001.SZ,20200306,14.5449,14.6311,14.3915,14.4011,14.7461,-0.34500000000000064,-2.3396,1228531.03,1858691.259
000001.SZ,20200305,14.1808,14.9856,14.1137,14.7461,14.0754,0.6707000000000001,4.7651,2686602.34,4089493.523
000001.SZ,20200304,14.0658,14.1616,13.9029,14.0754,14.1041,-0.028700000000000614,-0.2035,862595.23,1261123.063
000001.SZ,20200303,14.3341,14.3628,14.0179,14.1041,14.1712,-0.06709999999999994,-0.4735,1153584.32,1705816.271
000001.SZ,20200302,13.9412,14.3245,13.855,14.1712,13.8933,0.2779000000000007,2.0002,1116580.66,1647432.269
000001.SZ,20200228,14.2287,14.4107,13.855,13.8933,14.4778,-0.5845000000000002,-4.0372,1300644.45,1906892.413
000001.SZ,20200227,14.3341,14.5161,14.267,14.4778,14.3628,0.11500000000000021,0.8007,975270.9,1464605.739
000001.SZ,20200226,14.152,14.6311,14.0849,14.3628,14.4107,-0.047900000000000276,-0.3324,1176599.15,1769612.245
000001.SZ,20200225,14.3724,14.4969,14.1616,14.4107,14.5928,-0.18210000000000015,-1.2479,1144575.02,1710369.786
000001.SZ,20200224,14.8131,14.8131,14.5161,14.5928,14.9281,-0.33530000000000015,-2.2461,1191794.5,1820183.854
000001.SZ,20200221,14.8419,15.0623,14.8036,14.9281,14.9377,-0.009599999999998943,-0.0643,995071.02,1546692.93
000001.SZ,20200220,14.6311,14.9664,14.4682,14.9377,14.6023,0.3353999999999999,2.2969,1235444.34,1897923.029
000001.SZ,20200219,14.4682,14.7269,14.449,14.6023,14.564,0.03829999999999956,0.263,874106.93,1333730.218
000001.SZ,20200218,14.6886,14.6886,14.382,14.564,14.7269,-0.1629000000000005,-1.1061,973612.35,1478274.222
000001.SZ,20200217,14.4107,14.7269,14.3053,14.7269,14.4011,0.325800000000001,2.2623,1543696.01,2337993.586
000001.SZ,20200214,14.1328,14.5065,14.0849,14.4011,14.037,0.36409999999999876,2.5939,1512434.73,2253906.452
000001.SZ,20200213,14.0945,14.2574,13.9987,14.037,14.152,-0.11499999999999844,-0.8126,1013205.28,1491327.713
000001.SZ,20200212,14.1712,14.1999,13.9891,14.152,14.1712,-0.019200000000001438,-0.1355,1070503.21,1573229.042
000001.SZ,20200211,13.9891,14.3149,13.9508,14.1712,13.8933,0.2779000000000007,2.0002,1407507.44,2077194.138
000001.SZ,20200210,13.9029,13.9221,13.7017,13.8933,14.0083,-0.11500000000000021,-0.8209,1339495.24,1931983.482
000001.SZ,20200207,13.9891,14.0754,13.8071,14.0083,14.152,-0.14369999999999905,-1.0154,924852.96,1345053.255
000001.SZ,20200206,14.1903,14.2478,13.9029,14.152,14.0179,0.1341000000000001,0.9566,1185815.72,1740107.625
000001.SZ,20200205,13.9795,14.267,13.7208,14.0179,13.9891,0.028799999999998604,0.2059,1491380.21,2177632.043
000001.SZ,20200204,13.4621,14.0466,13.4334,13.9891,13.4046,0.5845000000000002,4.3604,1706172.07,2442932.842
000001.SZ,20200203,13.4046,14.0849,13.4046,13.4046,14.8898,-1.485199999999999,-9.9746,2259194.83,3201454.164
000001.SZ,20200123,15.2539,15.2539,14.7461,14.8898,15.4168,-0.527000000000001,-3.4183,1100592.07,1723394.336
000001.SZ,20200122,15.2539,15.4839,15.0527,15.4168,15.3305,0.0862999999999996,0.5629,719464.91,1150933.398
000001.SZ,20200121,15.6563,15.6563,15.2635,15.3305,15.7617,-0.4311999999999987,-2.7357,896603.1,1442171.431
000001.SZ,20200120,15.7426,15.915,15.6659,15.7617,15.7042,0.05749999999999922,0.3661,746074.75,1226464.649
000001.SZ,20200117,15.6946,15.8575,15.6659,15.7042,15.6467,0.057500000000000995,0.3675,605436.69,995909.007
000001.SZ,20200116,15.8288,15.8767,15.5222,15.6467,15.8288,-0.18210000000000015,-1.1504,1028104.67,1678888.507
000001.SZ,20200115,16.0875,16.1546,15.7617,15.8288,16.0587,-0.22990000000000244,-1.4316,859439.12,1424889.228
000001.SZ,20200114,16.2791,16.5474,16.0587,16.0587,16.2791,-0.22039999999999793,-1.3539,1304493.66,2217608.852
000001.SZ,20200113,16.0492,16.3174,15.915,16.2791,15.9917,0.2873999999999999,1.7972,872133.36,1468271.683
000001.SZ,20200110,16.0875,16.1067,15.8288,15.9917,16.0875,-0.09579999999999878,-0.5955,585548.45,975154.818
000001.SZ,20200109,16.1067,16.2216,15.8384,16.0875,15.9629,0.12459999999999916,0.7806,1031636.65,1725326.806
000001.SZ,20200108,16.2887,16.3366,15.9342,15.9629,16.4324,-0.4695000000000018,-2.8572,847824.12,1423608.811
000001.SZ,20200107,16.4133,16.557,16.2408,16.4324,16.3558,0.07660000000000267,0.4683,728607.56,1247047.135
000001.SZ,20200106,16.2983,16.6145,16.2025,16.3558,16.4612,-0.10540000000000305,-0.6403,862083.5,1477930.193
000001.SZ,20200103,16.2312,16.5857,16.2121,16.4612,16.1641,0.29710000000000036,1.838,1116194.81,1914495.474
000001.SZ,20200102,15.9533,16.2408,15.8575,16.1641,15.7617,0.40240000000000187,2.553,1530231.87,2571196.482
000001.SZ,20191231,15.8767,15.9342,15.6276,15.7617,15.8767,-0.11500000000000021,-0.7243,704442.25,1154704.348
000001.SZ,20191230,15.7713,15.9342,15.4264,15.8767,15.9342,-0.057500000000000995,-0.3609,976970.31,1603152.786
000001.SZ,20191227,15.8384,16.2216,15.7426,15.9342,15.7809,0.15329999999999977,0.9714,1042574.72,1741473.179
000001.SZ,20191226,15.6563,15.7905,15.6372,15.7809,15.618,0.1629000000000005,1.043,372033.86,610381.757
000001.SZ,20191225,15.7617,15.8671,15.5605,15.618,15.7138,-0.09580000000000055,-0.6097,414917.98,679664.596
000001.SZ,20191224,15.5509,15.8096,15.5509,15.7138,15.5605,0.15330000000000155,0.9852,459128.42,752351.618
000001.SZ,20191223,15.9821,15.9821,15.4934,15.5605,15.8959,-0.3353999999999999,-2.11,715792.72,1173372.08
000001.SZ,20191220,15.8575,15.9821,15.7521,15.8959,15.8575,0.038399999999999324,0.2422,644478.38,1067869.779
000001.SZ,20191219,15.8575,16.0396,15.7521,15.8575,15.7713,0.08619999999999983,0.5466,675536.76,1119925.969
000001.SZ,20191218,15.7426,15.9629,15.7234,15.7713,15.8096,-0.03829999999999956,-0.2423,797091.33,1317608.543
000001.SZ,20191217,15.3305,15.9342,15.3114,15.8096,15.4551,0.3544999999999998,2.2937,1203104.9,1969891.323
000001.SZ,20191216,15.4455,15.4647,15.206,15.4551,15.4455,0.009600000000000719,0.0622,787952.34,1262802.471
000001.SZ,20191213,15.1868,15.4455,15.1102,15.4455,14.9473,0.49819999999999887,3.333,1053103.81,1680707.282
000001.SZ,20191212,15.0048,15.0144,14.8802,14.9473,15.0048,-0.05749999999999922,-0.3832,478998.82,747519.511
000001.SZ,20191211,14.7365,15.0239,14.6598,15.0048,14.6886,0.31620000000000026,2.1527,871505.19,1351786.53
000001.SZ,20191210,14.7173,14.7365,14.6119,14.6886,14.7652,-0.07660000000000089,-0.5188,556383.88,851377.532
000001.SZ,20191209,14.9664,14.9664,14.7077,14.7652,14.9473,-0.18210000000000015,-1.2183,605992.89,935135.952
000001.SZ,20191206,14.8227,15.0623,14.8131,14.9473,14.7844,0.1629000000000005,1.1018,712615.24,1109423.061
000001.SZ,20191205,14.7077,14.8323,14.6598,14.7844,14.6694,0.11500000000000021,0.7839,557084.46,857682.575
000001.SZ,20191204,14.6982,14.7652,14.5736,14.6694,14.8036,-0.13419999999999987,-0.9065,524545.27,802110.334
000001.SZ,20191203,14.6598,14.8131,14.5736,14.8036,14.7173,0.0862999999999996,0.5864,455418.05,700293.548
000001.SZ,20191202,14.7077,14.7844,14.5928,14.7173,14.6503,0.06700000000000017,0.4573,553877.38,849784.129
000001.SZ,20191129,14.8898,14.8994,14.5449,14.6503,14.8419,-0.1916000000000011,-1.2909,653866.91,1001451.096
000001.SZ,20191128,14.8227,14.8898,14.794,14.8419,14.8227,0.019200000000001438,0.1295,378016.51,585252.046
000001.SZ,20191127,14.9856,14.9856,14.7461,14.8227,14.9664,-0.14370000000000083,-0.9602,476169.98,736584.294
000001.SZ,20191126,15.2251,15.2251,14.8419,14.9664,15.1389,-0.17249999999999943,-1.1394,815297.53,1271594.662
000001.SZ,20191125,14.9856,15.1772,14.8898,15.1389,14.9377,0.20120000000000005,1.3469,783257.94,1233388.886
000001.SZ,20191122,15.2251,15.2539,14.8994,14.9377,15.1964,-0.25870000000000104,-1.7024,773473.54,1216064.537
000001.SZ,20191121,15.091,15.206,14.976,15.1964,15.1868,0.009600000000000719,0.0632,772563.24,1218516.399
000001.SZ,20191120,15.618,15.618,15.1102,15.1868,15.7234,-0.5366,-3.4127,1724383.53,2747598.383
000001.SZ,20191119,15.7617,15.7905,15.6276,15.7234,15.7617,-0.03829999999999956,-0.243,562120.4,920998.203
000001.SZ,20191118,15.6659,15.8575,15.5509,15.7617,15.6563,0.1053999999999995,0.6732,557918.41,915983.935
000001.SZ,20191115,15.7042,15.8575,15.5605,15.6563,15.6372,0.019099999999999895,0.1221,569227.98,933539.572
000001.SZ,20191114,15.7426,15.7905,15.5701,15.6372,15.6467,-0.009499999999999176,-0.0607,468899.55,767006.342
000001.SZ,20191113,15.6084,15.7713,15.388,15.6467,15.6467,0.0,0.0,655120.65,1067975.601
000001.SZ,20191112,15.6084,15.6851,15.4839,15.6467,15.5988,0.0478999999999985,0.3071,516266.4,840769.286
000001.SZ,20191111,15.8096,15.8384,15.5222,15.5988,15.9533,-0.3544999999999998,-2.2221,953515.63,1556517.253
000001.SZ,20191108,16.2695,16.3079,15.9438,15.9533,16.1833,-0.22999999999999865,-1.4212,849139.24,1421088.326
000001.SZ,20191107,16.2216,16.3558,16.0492,16.1833,16.2504,-0.06709999999999994,-0.4129,711896.99,1200671.649
000001.SZ,20191106,16.3462,16.5378,16.1737,16.2504,16.4324,-0.18200000000000216,-1.1076,863325.36,1470233.502
000001.SZ,20191105,16.0971,16.7103,16.0875,16.4324,16.2121,0.22030000000000172,1.3589,1172485.89,2010924.199
000001.SZ,20191104,16.2695,16.5282,16.0683,16.2121,16.1546,0.057500000000000995,0.3559,889824.25,1507910.818
000001.SZ,20191101,15.6659,16.2887,15.5988,16.1546,15.5797,0.5748999999999977,3.6901,1254655.44,2096068.96
000001.SZ,20191031,15.733,15.7809,15.5605,15.5797,15.7426,-0.1628999999999987,-1.0348,862569.3,1407006.434
000001.SZ,20191030,16.0971,16.2504,15.733,15.7426,16.2025,-0.4599000000000011,-2.8385,854317.17,1420644.944
000001.SZ,20191029,15.9917,16.2216,15.8671,16.2025,15.9629,0.23960000000000115,1.501,788864.73,1322036.352
000001.SZ,20191028,16.2695,16.327,15.7905,15.9629,16.1737,-0.21080000000000076,-1.3034,1070131.13,1780873.358
000001.SZ,20191025,16.0779,16.2504,15.8863,16.1737,16.1641,0.009599999999998943,0.0594,691435.76,1161100.08
000001.SZ,20191024,15.8096,16.2887,15.7521,16.1641,15.7617,0.40240000000000187,2.553,1109214.77,1861032.918
000001.SZ,20191023,15.6372,15.9725,15.5509,15.7617,15.733,0.028699999999998838,0.1824,967534.59,1590781.971
000001.SZ,20191022,16.2025,16.2216,15.3593,15.733,16.1833,-0.4502999999999986,-2.7825,1883531.43,3072547.165
000001.SZ,20191021,15.7426,16.26,15.7426,16.1833,15.8192,0.36409999999999876,2.3016,945952.25,1589276.085
000001.SZ,20191018,16.0971,16.327,15.7426,15.8192,16.0013,-0.18210000000000015,-1.138,1196799.14,1999012.671
000001.SZ,20191017,16.1929,16.2887,15.8575,16.0013,16.0875,-0.08619999999999806,-0.5358,1126182.22,1887045.621
000001.SZ,20191016,16.5378,16.7103,15.9342,16.0875,16.4612,-0.37370000000000303,-2.2702,1267671.21,2146150.627
000001.SZ,20191015,16.5282,16.6241,16.1162,16.4612,16.4995,-0.03829999999999956,-0.2321,881955.42,1503633.369
000001.SZ,20191014,16.26,16.8636,16.2121,16.4995,16.1067,0.39280000000000115,2.4387,1557637.45,2688929.547
000001.SZ,20191011,15.5222,16.2408,15.5222,16.1067,15.5605,0.5462000000000007,3.5102,1405422.82,2335030.599
000001.SZ,20191010,15.5892,15.5892,15.321,15.5605,15.5701,-0.009600000000000719,-0.0617,879746.62,1418751.875
000001.SZ,20191009,15.4264,15.8288,15.3497,15.5701,15.5222,0.047900000000000276,0.3086,1316693.41,2145061.763
000001.SZ,20191008,14.9473,15.5509,14.9473,15.5222,14.9377,0.5845000000000002,3.9129,1386676.36,2225024.598
000001.SZ,20190930,15.091,15.2251,14.9185,14.9377,15.2347,-0.2970000000000006,-1.9495,1046363.17,1645828.526
000001.SZ,20190927,15.1868,15.3305,15.0431,15.2347,15.0527,0.18200000000000038,1.2091,1007706.27,1598567.052
000001.SZ,20190926,15.1964,15.3689,15.0048,15.0527,15.091,-0.03829999999999956,-0.2538,1686592.58,2673096.951
000001.SZ,20190925,14.564,15.1868,14.5544,15.091,14.5449,0.5460999999999991,3.7546,1938892.72,3024598.93
000001.SZ,20190924,14.8227,14.8898,14.5449,14.5449,14.7365,-0.19159999999999933,-1.3002,1129103.24,1726238.272
000001.SZ,20190923,14.6982,14.8227,14.5449,14.7365,14.6982,0.03829999999999956,0.2606,1403282.0,2148740.448
000001.SZ,20190920,14.3245,14.7556,14.3053,14.6982,14.2191,0.47910000000000075,3.3694,2644285.14,4020646.521
000001.SZ,20190919,13.8741,14.267,13.8741,14.2191,13.8071,0.41199999999999903,2.984,1884020.83,2777383.508
000001.SZ,20190918,13.6442,13.8741,13.6442,13.8071,13.6442,0.1629000000000005,1.1939,820436.33,1179079.988
000001.SZ,20190917,13.7592,13.8454,13.5867,13.6442,13.8454,-0.20120000000000005,-1.4532,882655.75,1261416.554
000001.SZ,20190916,14.0849,14.1041,13.7975,13.8454,14.0658,-0.2203999999999997,-1.5669,929894.14,1349401.481
000001.SZ,20190912,14.0466,14.1616,13.9221,14.0658,13.9508,0.11500000000000021,0.8243,1150687.64,1682911.849
000001.SZ,20190911,13.9891,14.0945,13.855,13.9508,13.9412,0.009599999999998943,0.0689,818614.21,1192674.258
000001.SZ,20190910,13.9891,14.0274,13.8071,13.9412,14.0754,-0.13419999999999987,-0.9534,796870.64,1155180.739
000001.SZ,20190909,14.3532,14.3724,13.9891,14.0754,14.1903,-0.11490000000000045,-0.8097,1299839.14,1918042.303
000001.SZ,20190906,14.0945,14.1903,14.0083,14.1903,13.97,0.22029999999999994,1.577,986432.8,1451264.912
000001.SZ,20190905,13.9508,14.2287,13.9412,13.97,13.8358,0.13419999999999987,0.9699,1768051.43,2599478.258
000001.SZ,20190904,13.7208,13.8933,13.7113,13.8358,13.7017,0.1341000000000001,0.9787,973964.87,1404037.295
000001.SZ,20190903,13.8741,13.9029,13.6538,13.7017,13.8454,-0.14369999999999905,-1.0379,858653.65,1230606.485
000001.SZ,20190902,13.558,13.8933,13.5196,13.8454,13.5675,0.2778999999999989,2.0483,1360201.3,1955673.136
000001.SZ,20190830,13.6921,13.7879,13.51,13.5675,13.5388,0.028700000000000614,0.212,798500.57,1136119.659
000001.SZ,20190829,13.625,13.6442,13.4909,13.5388,13.6729,-0.1341000000000001,-0.9808,609034.34,861177.482
000001.SZ,20190828,13.6633,13.6825,13.4621,13.6729,13.7113,-0.038399999999999324,-0.2801,829657.68,1176329.095
000001.SZ,20190827,13.7592,13.8741,13.6442,13.7113,13.6538,0.05749999999999922,0.4211,1356713.37,1948127.123
000001.SZ,20190826,13.8167,13.8933,13.558,13.6538,14.037,-0.38320000000000043,-2.7299,1415122.54,2018498.039
000001.SZ,20190823,13.7687,14.1233,13.7496,14.037,13.7113,0.3257000000000012,2.3754,1636867.68,2388239.081
000001.SZ,20190822,13.7975,13.8454,13.6059,13.7113,13.8454,-0.1341000000000001,-0.9686,1353071.58,1935208.499
000001.SZ,20190821,14.2478,14.267,13.7783,13.8454,14.3628,-0.5174000000000003,-3.6024,1990131.95,2902251.1
000001.SZ,20190820,14.2957,14.564,14.152,14.3628,14.2957,0.06709999999999994,0.4694,1921041.5,2872304.2
000001.SZ,20190819,14.2862,14.3149,13.9125,14.2957,14.2766,0.019099999999999895,0.1338,2292956.13,3368207.935
000001.SZ,20190816,14.4586,14.5065,14.1616,14.2766,14.3149,-0.03829999999999956,-0.2676,986902.93,1474900.257
000001.SZ,20190815,14.0274,14.3341,13.9891,14.3149,14.3436,-0.028700000000000614,-0.2001,897376.26,1333117.725
000001.SZ,20190814,14.5065,14.5832,14.1808,14.3436,14.267,0.07660000000000089,0.5369,1360546.54,2038261.151
000001.SZ,20190813,14.3724,14.449,14.1233,14.267,14.4874,-0.2203999999999997,-1.5213,1293736.44,1925835.288
000001.SZ,20190812,13.9987,14.4874,13.9891,14.4874,13.9125,0.5748999999999995,4.1323,2733425.47,4084497.902
000001.SZ,20190809,13.9412,14.2287,13.8262,13.9125,13.7783,0.13419999999999987,0.974,2060575.13,3021884.306
000001.SZ,20190808,13.3184,13.8933,13.2705,13.7783,12.9735,0.8048000000000002,6.2034,2330715.04,3313302.1
000001.SZ,20190807,12.9256,13.0693,12.8106,12.9735,12.8106,0.1628999999999987,1.2716,793038.99,1070736.943
000001.SZ,20190806,12.5519,12.8968,12.4848,12.8106,12.7914,0.019200000000001438,0.1501,882499.13,1166971.469
000001.SZ,20190805,13.031,13.0693,12.7148,12.7914,13.1651,-0.37370000000000125,-2.8386,893082.42,1201885.399
000001.SZ,20190802,13.1938,13.2992,13.0885,13.1651,13.51,-0.3448999999999991,-2.5529,969926.46,1333400.773
000001.SZ,20190801,13.4717,13.5963,13.3567,13.51,13.5388,-0.02880000000000038,-0.2127,527981.28,742308.285
000001.SZ,20190731,13.7017,13.7208,13.4909,13.5388,13.7687,-0.22990000000000066,-1.6697,634723.48,899227.865
000001.SZ,20190730,13.7113,13.9412,13.6921,13.7687,13.6921,0.07660000000000089,0.5594,796634.32,1148582.412
000001.SZ,20190729,13.6538,13.8454,13.5867,13.6921,13.6346,0.05749999999999922,0.4217,715576.19,1023261.763
000001.SZ,20190726,13.5867,13.6538,13.4909,13.6346,13.6059,0.028700000000000614,0.2109,635305.71,901074.107
000001.SZ,20190725,13.3376,13.6729,13.2705,13.6059,13.2992,0.3066999999999993,2.3062,1087826.41,1534889.645
000001.SZ,20190724,13.2897,13.4238,13.213,13.2992,13.1843,0.11490000000000045,0.8715,570276.22,793387.782
000001.SZ,20190723,13.2801,13.2897,13.0789,13.1843,13.2705,-0.08619999999999983,-0.6496,504004.23,692328.447
000001.SZ,20190722,13.3759,13.4334,13.1843,13.2705,13.4046,-0.1341000000000001,-1.0004,582283.3,807249.426
000001.SZ,20190719,13.1651,13.4909,13.1076,13.4046,13.098,0.30659999999999954,2.3408,866390.7,1207316.526
000001.SZ,20190718,13.0789,13.2322,12.9926,13.098,13.1172,-0.019199999999999662,-0.1464,422826.22,578067.487
000001.SZ,20190717,13.1268,13.2322,13.0405,13.1172,13.1747,-0.05749999999999922,-0.4364,410020.63,561944.451
000001.SZ,20190716,13.3855,13.4046,13.1364,13.1747,13.4142,-0.2394999999999996,-1.7854,722780.79,998151.578
000001.SZ,20190715,13.443,13.5292,13.2609,13.4142,13.5292,-0.11500000000000021,-0.85,841282.76,1175798.104
000001.SZ,20190712,13.031,13.6346,13.0118,13.5292,12.9735,0.5556999999999999,4.2833,1465366.52,2055749.881
000001.SZ,20190711,13.1076,13.2034,12.9639,12.9735,12.9926,-0.019099999999999895,-0.147,484183.14,660588.299
000001.SZ,20190710,13.0405,13.1268,12.9256,12.9926,13.0214,-0.02880000000000038,-0.2212,358220.79,487071.876
000001.SZ,20190709,13.0597,13.1364,12.8777,13.0214,13.0214,0.0,0.0,494296.11,670391.72
000001.SZ,20190708,13.2418,13.2992,12.8872,13.0214,13.3376,-0.31620000000000026,-2.3707,778413.9,1061095.712
000001.SZ,20190705,13.3663,13.3951,13.1172,13.3376,13.4046,-0.06700000000000017,-0.4998,749196.09,1037357.175
000001.SZ,20190704,13.4238,13.6825,13.2992,13.4046,13.4238,-0.019199999999999662,-0.143,621292.52,873624.287
000001.SZ,20190703,13.5867,13.6154,13.2897,13.4238,13.5867,-0.1629000000000005,-1.199,769078.49,1076744.4
000001.SZ,20190702,13.2992,13.6442,13.2801,13.5867,13.3472,0.2394999999999996,1.7944,1052744.86,1481211.353
000001.SZ,20190701,13.4238,13.5867,13.2897,13.3472,13.2034,0.1438000000000006,1.0891,960636.0,1347792.874
000001.SZ,20190628,13.1555,13.213,13.0118,13.2034,13.1364,0.06700000000000017,0.51,498093.69,682679.97
000001.SZ,20190627,12.9351,13.2705,12.8872,13.1364,12.8106,0.3257999999999992,2.5432,925074.94,1270042.461
000001.SZ,20190626,12.7148,12.9351,12.6381,12.8106,12.7339,0.07670000000000066,0.6023,546504.76,731207.282
000001.SZ,20190625,13.0089,13.0089,12.3926,12.7339,12.9805,-0.24659999999999904,-1.8998,1469227.07,1954855.785
000001.SZ,20190624,12.9805,13.1132,12.9046,12.9805,12.9331,0.047399999999999665,0.3665,659572.85,904433.349
000001.SZ,20190621,13.0468,13.1511,12.8762,12.9331,13.0848,-0.15169999999999995,-1.1594,1011129.15,1384099.587
000001.SZ,20190620,12.4874,13.227,12.44,13.0848,12.3926,0.6921999999999997,5.5856,1529191.47,2083209.238
000001.SZ,20190619,12.6012,12.696,12.3357,12.3926,12.1366,0.2560000000000002,2.1093,1143226.39,1504997.837
000001.SZ,20190618,12.0133,12.184,11.9375,12.1366,12.0133,0.12330000000000041,1.0264,483555.12,616237.571
000001.SZ,20190617,11.8332,12.1271,11.8332,12.0133,11.8427,0.17059999999999853,1.4405,619815.88,786223.58
000001.SZ,20190614,11.9375,12.0323,11.8047,11.8427,11.9375,-0.09479999999999933,-0.7941,483191.73,606815.214
000001.SZ,20190613,11.8901,12.0228,11.7858,11.9375,11.9185,0.019000000000000128,0.1594,530000.26,666277.695
000001.SZ,20190612,11.9754,12.0038,11.7952,11.9185,11.9944,-0.07590000000000074,-0.6328,657310.18,825178.004
000001.SZ,20190611,11.7004,12.0607,11.6625,11.9944,11.7004,0.2940000000000005,2.5127,1251087.51,1574105.212
000001.SZ,20190610,11.3875,11.8237,11.3591,11.7004,11.3022,0.398200000000001,3.5232,1144668.82,1404223.62
000001.SZ,20190606,11.3496,11.4444,11.2738,11.3022,11.3496,-0.04740000000000144,-0.4176,433665.26,519425.127
000001.SZ,20190605,11.3496,11.5108,11.3022,11.3496,11.2358,0.11380000000000123,1.0128,748892.31,899331.716
000001.SZ,20190604,11.2738,11.3212,10.9988,11.2358,11.2832,-0.04740000000000144,-0.4201,974655.34,1147709.578
000001.SZ,20190603,11.5866,11.6909,11.2074,11.2832,11.5487,-0.2654999999999994,-2.299,1512719.05,1816591.876
000001.SZ,20190531,11.5298,11.7573,11.4824,11.5487,11.5866,-0.03790000000000049,-0.3271,686794.39,839375.709
000001.SZ,20190530,11.6815,11.7384,11.4824,11.5866,11.7573,-0.17070000000000007,-1.4519,646284.65,787801.007
000001.SZ,20190529,11.7194,11.9375,11.6246,11.7573,11.8427,-0.08539999999999992,-0.7211,666411.5,827828.661
000001.SZ,20190528,11.672,11.8995,11.6246,11.8427,11.7289,0.11380000000000123,0.9703,880703.12,1094063.186
000001.SZ,20190527,11.5772,11.7763,11.3117,11.7289,11.7099,0.019000000000000128,0.1623,1048425.98,1275632.724
000001.SZ,20190524,11.7099,11.8047,11.672,11.7099,11.653,0.05689999999999884,0.4883,495526.2,613106.248
000001.SZ,20190523,11.6056,11.7763,11.5108,11.653,11.7573,-0.10430000000000028,-0.8871,666855.43,817850.53
000001.SZ,20190522,11.9185,11.9185,11.6815,11.7573,11.909,-0.15169999999999995,-1.2738,506230.72,628437.47
000001.SZ,20190521,11.7573,12.0702,11.7194,11.909,11.7384,0.1706000000000003,1.4533,731210.51,919191.24
000001.SZ,20190520,11.7099,11.8901,11.6151,11.7384,11.7952,-0.05679999999999907,-0.4816,786435.18,971222.474
000001.SZ,20190517,12.2504,12.2599,11.7194,11.7952,12.184,-0.3887999999999998,-3.1911,965000.85,1208569.909
000001.SZ,20190516,12.2599,12.3167,12.1176,12.184,12.2504,-0.06640000000000157,-0.542,634901.43,816740.932
000001.SZ,20190515,11.928,12.4305,11.9185,12.2504,11.8427,0.4077000000000002,3.4426,1103988.51,1417050.112
000001.SZ,20190514,11.5677,12.0892,11.5298,11.8427,11.6625,0.18020000000000103,1.5451,1182598.19,1477008.362
000001.SZ,20190513,11.6909,11.8901,11.5961,11.6625,12.0228,-0.3603000000000005,-2.9968,741917.79,916213.719
000001.SZ,20190510,11.7004,12.0892,11.4729,12.0228,11.5298,0.4930000000000003,4.2759,1192399.08,1489975.624
000001.SZ,20190509,11.8711,11.928,11.4255,11.5298,11.947,-0.41719999999999935,-3.4921,1557151.61,1904905.488
000001.SZ,20190508,12.0607,12.2409,11.8521,11.947,12.2788,-0.3318000000000012,-2.7022,975450.81,1236655.982
000001.SZ,20190507,12.3547,12.4116,12.0607,12.2788,12.203,0.07580000000000098,0.6212,1072658.41,1386247.078
000001.SZ,20190506,12.421,12.6581,12.0513,12.203,13.1322,-0.9291999999999998,-7.0757,2108667.84,2742409.411
000001.SZ,20190430,13.2649,13.3218,12.8856,13.1322,13.3692,-0.2370000000000001,-1.7727,1116570.27,1542958.577
000001.SZ,20190429,13.1796,13.5873,13.1416,13.3692,13.0753,0.29389999999999894,2.2477,1030695.75,1450714.134
000001.SZ,20190426,13.3502,13.5114,12.9899,13.0753,13.3977,-0.3224,-2.4064,1009421.24,1407987.365
000001.SZ,20190425,13.6347,13.8812,13.3977,13.3977,13.6916,-0.29389999999999894,-2.1466,1111476.37,1597895.217
000001.SZ,20190424,13.7011,13.8433,13.4261,13.6916,13.3408,0.35079999999999956,2.6295,1949723.63,2811131.027
000001.SZ,20190423,13.3692,13.464,13.2459,13.3408,13.4166,-0.07580000000000098,-0.565,940687.34,1326465.625
000001.SZ,20190422,13.8433,14.0709,13.3502,13.4166,13.9666,-0.5499999999999989,-3.938,1322273.9,1899850.004
000001.SZ,20190419,13.7011,14.0329,13.5588,13.9666,13.5968,0.3697999999999997,2.7198,1246036.09,1814875.936
000001.SZ,20190418,13.5588,13.6252,13.3787,13.5968,13.6063,-0.009499999999999176,-0.0698,507045.3,721908.8
000001.SZ,20190417,13.6726,13.8338,13.4925,13.6063,13.8243,-0.21799999999999997,-1.5769,1004109.87,1443493.493
000001.SZ,20190416,12.9615,13.8243,12.8477,13.8243,12.9805,0.8437999999999999,6.5005,2379375.18,3379550.307
000001.SZ,20190415,13.0089,13.3597,12.952,12.9805,12.7245,0.25599999999999845,2.0119,1533890.68,2134708.981
000001.SZ,20190412,12.7908,12.8856,12.5253,12.7245,12.8382,-0.11369999999999969,-0.8856,774324.64,1035139.673
000001.SZ,20190411,13.0184,13.2365,12.7908,12.8382,13.0184,-0.18019999999999925,-1.3842,655356.62,897382.236
000001.SZ,20190410,13.0374,13.1606,12.7055,13.0184,13.0942,-0.07580000000000098,-0.5789,947135.06,1289475.602
000001.SZ,20190409,13.1511,13.2554,13.0374,13.0942,13.2365,-0.14229999999999876,-1.0751,781332.38,1080549.202
000001.SZ,20190408,13.1796,13.6821,13.0089,13.2365,13.1416,0.0948999999999991,0.7221,1743176.2,2464536.241
000001.SZ,20190404,12.7339,13.2744,12.7339,13.1416,12.7434,0.398200000000001,3.1248,2034365.0,2796366.353
000001.SZ,20190403,12.5253,12.7529,12.4684,12.7434,12.6676,0.0757999999999992,0.5984,792915.79,1056166.231
000001.SZ,20190402,12.5917,12.7813,12.5443,12.6676,12.4969,0.17070000000000007,1.3659,1100384.04,1466040.987
000001.SZ,20190401,12.165,12.8477,12.165,12.4969,12.1556,0.3413000000000004,2.8078,1951401.19,2588268.668
000001.SZ,20190329,11.6246,12.1556,11.5772,12.1556,11.5866,0.5689999999999991,4.9108,1669506.47,2108295.393
000001.SZ,20190328,11.672,11.672,11.4729,11.5866,11.7384,-0.1517999999999997,-1.2932,732467.44,892530.627
000001.SZ,20190327,11.6056,11.8237,11.5487,11.7384,11.4729,0.2655000000000012,2.3141,922826.8,1138302.657
000001.SZ,20190326,11.5961,11.653,11.3875,11.4729,11.4824,-0.009500000000000952,-0.0827,935393.27,1136721.266
000001.SZ,20190325,11.7573,11.7573,11.4729,11.4824,11.9375,-0.45509999999999984,-3.8124,1179883.26,1445560.16
000001.SZ,20190322,12.0323,12.0797,11.8521,11.9375,12.0323,-0.09479999999999933,-0.7879,713502.06,898629.416
000001.SZ,20190321,12.1081,12.1366,11.928,12.0323,12.0892,-0.05690000000000062,-0.4707,860140.8,1092506.482
000001.SZ,20190320,12.0228,12.2124,11.9659,12.0892,12.1271,-0.03790000000000049,-0.3125,929996.38,1185477.058
000001.SZ,20190319,12.2504,12.2693,11.9564,12.1271,12.2409,-0.11379999999999946,-0.9297,957196.46,1221118.294
000001.SZ,20190318,11.8806,12.2693,11.6815,12.2409,11.8521,0.3887999999999998,3.2804,1486454.8,1882483.633
000001.SZ,20190315,11.7004,12.0228,11.7004,11.8521,11.7858,0.06630000000000003,0.5625,1045406.03,1311323.009
000001.SZ,20190314,11.6909,11.9659,11.6341,11.7858,11.7289,0.05690000000000062,0.4851,1057467.9,1316372.926
000001.SZ,20190313,11.7004,11.8995,11.5013,11.7289,11.7194,0.009499999999999176,0.0811,1269427.16,1568387.543
000001.SZ,20190312,11.8427,11.9849,11.6056,11.7194,11.6815,0.03790000000000049,0.3244,1411794.92,1757797.25
000001.SZ,20190311,11.6625,11.8427,11.4255,11.6815,11.6625,0.019000000000000128,0.1629,1157650.77,1416000.379
000001.SZ,20190308,11.8427,12.0418,11.6151,11.6625,12.0797,-0.4172000000000011,-3.4537,1778162.1,2214572.416
000001.SZ,20190307,12.3831,12.3831,11.8995,12.0797,12.4021,-0.3224,-2.5996,1782057.31,2274151.007
000001.SZ,20190306,12.3831,12.4684,12.1745,12.4021,12.3831,0.019000000000000128,0.1534,1245760.2,1614670.974
000001.SZ,20190305,12.2409,12.6012,12.1745,12.3831,12.3167,0.06639999999999979,0.5391,1408422.22,1838251.656
000001.SZ,20190304,12.0418,12.6865,11.9659,12.3167,12.0987,0.21800000000000175,1.8018,2456830.39,3195011.702
000001.SZ,20190301,11.8332,12.1176,11.5677,12.0987,11.7194,0.37929999999999886,3.2365,1712679.16,2137669.556
000001.SZ,20190228,11.7952,11.9564,11.6341,11.7194,11.7573,-0.03790000000000049,-0.3224,1113099.8,1383110.81
000001.SZ,20190227,11.6056,12.0038,11.5203,11.7573,11.5677,0.18960000000000043,1.639,1979013.88,2454404.411
000001.SZ,20190226,11.8995,11.9185,11.5203,11.5677,11.8995,-0.33179999999999943,-2.7884,2017544.93,2485673.356
000001.SZ,20190225,11.0936,11.9849,10.9703,11.8995,10.9419,0.9575999999999993,8.7517,2824935.02,3415946.86
000001.SZ,20190222,10.7617,10.9703,10.5721,10.9419,10.7712,0.17070000000000007,1.5848,1184047.79,1343020.336
000001.SZ,20190221,10.7902,10.9514,10.6954,10.7712,10.8186,-0.047399999999999665,-0.4381,754246.48,860591.07
000001.SZ,20190220,10.7428,10.9324,10.6669,10.8186,10.6859,0.13269999999999982,1.2418,832629.87,949430.819
000001.SZ,20190219,10.7712,11.0177,10.6574,10.6859,10.7712,-0.08530000000000015,-0.7919,1270882.04,1445281.382
000001.SZ,20190218,10.4773,10.7712,10.4678,10.7712,10.3825,0.38870000000000005,3.7438,1255522.21,1408279.68
000001.SZ,20190215,10.648,10.648,10.3351,10.3825,10.6669,-0.28439999999999976,-2.6662,1100127.46,1213914.428
000001.SZ,20190214,10.7143,10.7428,10.61,10.6669,10.7902,-0.12330000000000041,-1.1427,869185.19,977818.097
000001.SZ,20190213,10.61,10.8186,10.5437,10.7902,10.61,0.18020000000000103,1.6984,1137365.74,1280182.096
000001.SZ,20190212,10.6195,10.7238,10.4583,10.61,10.629,-0.019000000000000128,-0.1788,959936.9,1071873.084
000001.SZ,20190211,10.5057,10.629,10.4014,10.629,10.6195,0.009499999999999176,0.0895,801936.63,889951.528
000001.SZ,20190201,10.6195,10.6669,10.392,10.6195,10.5247,0.0948000000000011,0.9007,1014270.07,1127216.186
000001.SZ,20190131,10.4109,10.6195,10.373,10.5247,10.3825,0.142199999999999,1.3696,831622.75,922602.874
000001.SZ,20190130,10.3825,10.6006,10.2971,10.3825,10.4299,-0.047399999999999665,-0.4545,712001.01,785204.571
000001.SZ,20190129,10.392,10.4963,10.2118,10.4299,10.373,0.05690000000000062,0.5485,826631.1,904847.854
000001.SZ,20190128,10.4678,10.5626,10.3161,10.373,10.4299,-0.05690000000000062,-0.5455,1035909.8,1141853.833
000001.SZ,20190125,10.0127,10.4678,10.0032,10.4299,9.9748,0.45509999999999984,4.5625,2108361.85,2299718.224
000001.SZ,20190124,9.861,10.0032,9.8325,9.9748,9.8136,0.1612000000000009,1.6426,679240.88,711495.718
000001.SZ,20190123,9.7567,9.9274,9.7567,9.8136,9.7472,0.06639999999999979,0.6812,537876.63,559384.396
000001.SZ,20190122,9.8041,9.8989,9.7282,9.7472,9.8041,-0.05690000000000062,-0.5804,424413.57,438991.45
000001.SZ,20190121,9.8041,9.9274,9.7851,9.8041,9.8894,-0.08530000000000015,-0.8625,659355.76,684465.646
000001.SZ,20190118,9.8041,9.9463,9.7472,9.8894,9.7188,0.1706000000000003,1.7554,738793.26,769973.637
000001.SZ,20190117,9.9937,10.0222,9.6429,9.7188,9.9368,-0.21799999999999997,-2.1939,882811.92,910212.066
000001.SZ,20190116,9.7093,9.9558,9.6998,9.9368,9.7093,0.22749999999999915,2.3431,977699.37,1017495.116
000001.SZ,20190115,9.586,9.7472,9.567,9.7093,9.586,0.12330000000000041,1.2863,542160.55,553027.309
000001.SZ,20190114,9.6903,9.7188,9.5481,9.586,9.6713,-0.08530000000000015,-0.882,500443.59,507862.882
000001.SZ,20190111,9.586,9.6903,9.5291,9.6713,9.5765,0.0948000000000011,0.9899,696364.55,708001.802
000001.SZ,20190110,9.3584,9.6713,9.349,9.5765,9.4248,0.15169999999999995,1.6096,1071817.66,1079711.035
000001.SZ,20190109,9.2352,9.5576,9.1973,9.4248,9.1593,0.2654999999999994,2.8987,1233486.36,1229465.116
000001.SZ,20190108,9.2257,9.2352,9.1214,9.1593,9.2352,-0.07590000000000074,-0.8219,402388.11,389247.795
000001.SZ,20190107,9.33,9.3395,9.1309,9.2352,9.2447,-0.009499999999999176,-0.1028,865687.66,841166.43
000001.SZ,20190104,8.7611,9.311,8.7421,9.2447,8.799,0.44570000000000043,5.0653,1481159.06,1422149.888
000001.SZ,20190103,8.7042,8.8464,8.6758,8.799,8.7137,0.08530000000000015,0.9789,415537.95,384457.707
000001.SZ,20190102,8.9033,8.9318,8.6852,8.7137,8.8938,-0.18010000000000126,-2.025,539386.32,498695.109
